<?xml version="1.0" encoding="UTF-8"?>
<FileZilla3 version="3.15.0.2" platform="*nix">
	<Servers>
		<Server>
			<Host>ftp.goportal.com</Host>
			<Port>21</Port>
			<Protocol>0</Protocol>
			<Type>0</Type>
			<User>cisin@goportal.com</User>
			<Pass encoding="base64">REYjKXQ0Iy1zITE0</Pass>
			<Logontype>1</Logontype>
			<TimezoneOffset>0</TimezoneOffset>
			<PasvMode>MODE_DEFAULT</PasvMode>
			<MaximumMultipleConnections>0</MaximumMultipleConnections>
			<EncodingType>Auto</EncodingType>
			<BypassProxy>0</BypassProxy>
			<Name>goportal</Name>
			<Comments>DF#)t4#-s!14</Comments>
			<LocalDir />
			<RemoteDir />
			<SyncBrowsing>0</SyncBrowsing>
			<DirectoryComparison>0</DirectoryComparison>goportal</Server>
	</Servers>
</FileZilla3>
