<?xml version="1.0" encoding="UTF-8"?>
<FileZilla3 version="3.15.0.2" platform="*nix">
	<Servers>
		<Server>
			<Host>3.18.59.251</Host>
			<Port>22</Port>
			<Protocol>1</Protocol>
			<Type>0</Type>
			<User>ubuntu</User>
			<Keyfile>/windows/Client_Docs/tanuj/server.pem</Keyfile>
			<Logontype>5</Logontype>
			<TimezoneOffset>0</TimezoneOffset>
			<PasvMode>MODE_DEFAULT</PasvMode>
			<MaximumMultipleConnections>0</MaximumMultipleConnections>
			<EncodingType>Auto</EncodingType>
			<BypassProxy>0</BypassProxy>
			<Name>holiday wagon</Name>
			<Comments>holiday wagon</Comments>
			<LocalDir />
			<RemoteDir />
			<SyncBrowsing>0</SyncBrowsing>
			<DirectoryComparison>0</DirectoryComparison>holiday wagon</Server>
	</Servers>
</FileZilla3>
