<?xml version="1.0" encoding="UTF-8"?>
<FileZilla3 version="3.15.0.2" platform="*nix">
	<Servers>
		<Server>
			<Host>mftzone.absa.africa</Host>
			<Port>22</Port>
			<Protocol>1</Protocol>
			<Type>0</Type>
			<User>payportsa</User>
			<Pass encoding="base64">UEB5bWVudFAwcnQyMDIwIQ==</Pass>
			<Logontype>1</Logontype>
			<TimezoneOffset>0</TimezoneOffset>
			<PasvMode>MODE_DEFAULT</PasvMode>
			<MaximumMultipleConnections>0</MaximumMultipleConnections>
			<EncodingType>Auto</EncodingType>
			<BypassProxy>0</BypassProxy>
			<Name>payport-bank</Name>
			<Comments>P@ymentP0rt2020!</Comments>
			<LocalDir />
			<RemoteDir />
			<SyncBrowsing>0</SyncBrowsing>
			<DirectoryComparison>0</DirectoryComparison>payport-bank</Server>
	</Servers>
</FileZilla3>
