<?xml version="1.0" encoding="UTF-8"?>
<FileZilla3 version="3.15.0.2" platform="*nix">
	<Servers>
		<Server>
			<Host>129.232.251.96</Host>
			<Port>21</Port>
			<Protocol>0</Protocol>
			<Type>0</Type>
			<User>zamerbwsew</User>
			<Pass encoding="base64">cWwxSDRNRTdiNXNyR2xmTGoyR2E=</Pass>
			<Logontype>1</Logontype>
			<TimezoneOffset>0</TimezoneOffset>
			<PasvMode>MODE_DEFAULT</PasvMode>
			<MaximumMultipleConnections>0</MaximumMultipleConnections>
			<EncodingType>Auto</EncodingType>
			<BypassProxy>0</BypassProxy>
			<Name>payport_live</Name>
			<Comments>ql1H4ME7b5srGlfLj2Ga</Comments>
			<LocalDir />
			<RemoteDir />
			<SyncBrowsing>0</SyncBrowsing>
			<DirectoryComparison>0</DirectoryComparison>payport_live</Server>
	</Servers>
</FileZilla3>
