<?xml version="1.0" encoding="UTF-8"?>
<FileZilla3 version="3.15.0.2" platform="*nix">
	<Servers>
		<Server>
			<Host>18.190.112.120</Host>
			<Port>22</Port>
			<Protocol>1</Protocol>
			<Type>0</Type>
			<User>ec2-user</User>
			<Keyfile>/windows/Client_Docs/tanuj/hw_crm.pem</Keyfile>
			<Logontype>5</Logontype>
			<TimezoneOffset>0</TimezoneOffset>
			<PasvMode>MODE_DEFAULT</PasvMode>
			<MaximumMultipleConnections>0</MaximumMultipleConnections>
			<EncodingType>Auto</EncodingType>
			<BypassProxy>0</BypassProxy>
			<Name>live crm tanuj</Name>
			<Comments />
			<LocalDir />
			<RemoteDir />
			<SyncBrowsing>0</SyncBrowsing>
			<DirectoryComparison>0</DirectoryComparison>live crm tanuj</Server>
	</Servers>
</FileZilla3>
