Mandate ID,Amount,Reference,,,,
CUS0000052,160,CUS0000052,,,,
CUS0000113,85,CUS0000113,,,,
CUS0000131,85,CUS0000131,,,,
CUS0000157,85,CUS0000157,,,,
CUS0000160,160,CUS0000160,,,,
CUS0000241,85,CUS0000241,,,,
CUS0000292,235,CUS0000292,,,,
CUS0000420,85,CUS0000420,,,,
CUS0000501,85,CUS0000501,,,,
CUS0000594,85,CUS0000594,,,,
CUS0000602,85,CUS0000602,,,,
CUS0000655,85,CUS0000655,,,,
CUS0000659,160,CUS0000659,,,,
CUS0000788,85,CUS0000788,,,,
CUS0000819,85,CUS0000819,,,,
CUS0000931,160,CUS0000931,,,,
CUS0001075,160,CUS0001075,,,,
CUS0001203,160,CUS0001203,,,,
CUS0001310,85,CUS0001310,,,,
CUS0001336,85,CUS0001336,,,,
CUS0001396,85,CUS0001396,,,,
CUS0001404,85,CUS0001404,,,,
CUS0001531,160,CUS0001531,,,,
CUS0001567,85,CUS0001567,,,,
CUS0001592,85,CUS0001592,,,,
CUS0001600,85,CUS0001600,,,,
CUS0001707,160,CUS0001707,,,,
CUS0001896,85,CUS0001896,,,,
CUS0001992,85,CUS0001992,,,,
CUS0002139,85,CUS0002139,,,,
CUS0002240,85,CUS0002240,,,,
CUS0002257,85,CUS0002257,,,,
CUS0002466,85,CUS0002466,,,,
CUS0002683,85,CUS0002683,,,,
CUS0002934,160,CUS0002934,,,,
CUS0002977,85,CUS0002977,,,,
CUS0003254,85,CUS0003254,,,,
CUS0003267,160,CUS0003267,,,,
CUS0003334,160,CUS0003334,,,,
CUS0003381,85,CUS0003381,,,,
CUS0003565,85,CUS0003565,,,,
CUS0003639,235,CUS0003639,,,,
CUS0003655,235,CUS0003655,,,,
CUS0003687,160,CUS0003687,,,,
CUS0003704,160,CUS0003704,,,,
CUS0003707,85,CUS0003707,,,,
CUS0003782,160,CUS0003782,,,,
CUS0003827,85,CUS0003827,,,,
CUS0003867,85,CUS0003867,,,,
CUS0004066,85,CUS0004066,,,,
CUS0004126,85,CUS0004126,,,,
CUS0004130,85,CUS0004130,,,,
CUS0004158,85,CUS0004158,,,,
CUS0004246,69,CUS0004246,,,,
CUS0004247,85,CUS0004247,,,,
CUS0004418,235,CUS0004418,,,,
CUS0004476,85,CUS0004476,,,,
CUS0004602,85,CUS0004602,,,,
CUS0004735,85,CUS0004735,,,,
CUS0004785,85,CUS0004785,,,,
CUS0004786,85,CUS0004786,,,,
CUS0004818,85,CUS0004818,,,,
CUS0004867,85,CUS0004867,,,,
CUS0004922,85,CUS0004922,,,,
CUS0004940,235,CUS0004940,,,,
CUS0004963,160,CUS0004963,,,,
CUS0005023,85,CUS0005023,,,,
CUS0005085,85,CUS0005085,,,,
CUS0005289,85,CUS0005289,,,,
CUS0005318,69,CUS0005318,,,,
CUS0005403,85,CUS0005403,,,,
CUS0005477,160,CUS0005477,,,,
CUS0005760,85,CUS0005760,,,,
CUS0005807,160,CUS0005807,,,,
CUS0005877,69,CUS0005877,,,,
CUS0005930,85,CUS0005930,,,,
CUS0006050,85,CUS0006050,,,,
CUS0006061,85,CUS0006061,,,,
CUS0006189,85,CUS0006189,,,,
CUS0006459,85,CUS0006459,,,,
CUS0006551,85,CUS0006551,,,,
CUS0006587,85,CUS0006587,,,,
CUS0006698,85,CUS0006698,,,,
CUS0006718,85,CUS0006718,,,,
CUS0006747,85,CUS0006747,,,,
CUS0006898,85,CUS0006898,,,,
CUS0006956,160,CUS0006956,,,,
CUS0007051,69,CUS0007051,,,,
CUS0007140,85,CUS0007140,,,,
CUS0007157,85,CUS0007157,,,,
CUS0007163,160,CUS0007163,,,,
CUS0007202,160,CUS0007202,,,,
CUS0007230,160,CUS0007230,,,,
CUS0007269,69,CUS0007269,,,,
CUS0007275,85,CUS0007275,,,,
CUS0007378,160,CUS0007378,,,,
CUS0007458,69,CUS0007458,,,,
CUS0007475,160,CUS0007475,,,,
CUS0007481,85,CUS0007481,,,,
CUS0007763,160,CUS0007763,,,,
CUS0007798,85,CUS0007798,,,,
CUS0007898,150,CUS0007898,,,,
CUS0008031,150,CUS0008031,,,,
CUS0008155,85,CUS0008155,,,,
CUS0008257,85,CUS0008257,,,,
CUS0008346,85,CUS0008346,,,,
CUS0008495,85,CUS0008495,,,,
CUS0008847,85,CUS0008847,,,,
CUS0008914,85,CUS0008914,,,,
CUS0008921,85,CUS0008921,,,,
CUS0008927,85,CUS0008927,,,,
CUS0008928,85,CUS0008928,,,,
CUS0009023,85,CUS0009023,,,,
CUS0009054,85,CUS0009054,,,,
CUS0009221,85,CUS0009221,,,,
CUS0009249,85,CUS0009249,,,,
CUS0009301,85,CUS0009301,,,,
CUS0009745,85,CUS0009745,,,,
CUS0009796,160,CUS0009796,,,,
CUS0009922,235,CUS0009922,,,,
CUS0010035,144,CUS0010035,,,,
CUS0010180,85,CUS0010180,,,,
CUS0010224,160,CUS0010224,,,,
CUS0010451,85,CUS0010451,,,,
CUS0010506,75,CUS0010506,,,,
CUS0010520,85,CUS0010520,,,,
CUS0010525,85,CUS0010525,,,,
CUS0010568,150,CUS0010568,,,,
CUS0010647,170,CUS0010647,,,,
CUS0010701,160,CUS0010701,,,,
CUS0010752,160,CUS0010752,,,,
CUS0010951,160,CUS0010951,,,,
CUS0010953,160,CUS0010953,,,,
CUS0011279,85,CUS0011279,,,,
CUS0011381,85,CUS0011381,,,,
CUS0011404,85,CUS0011404,,,,
CUS0011471,160,CUS0011471,,,,
CUS0011476,160,CUS0011476,,,,
CUS0011580,160,CUS0011580,,,,
CUS0011624,85,CUS0011624,,,,
CUS0011657,160,CUS0011657,,,,
CUS0011704,85,CUS0011704,,,,
CUS0011777,235,CUS0011777,,,,
CUS0011784,85,CUS0011784,,,,
CUS0011814,85,CUS0011814,,,,
CUS0011839,85,CUS0011839,,,,
CUS0011930,85,CUS0011930,,,,
CUS0011949,85,CUS0011949,,,,
CUS0011992,160,CUS0011992,,,,
CUS0012177,85,CUS0012177,,,,
CUS0012561,85,CUS0012561,,,,
CUS0012576,85,CUS0012576,,,,
CUS0012618,85,CUS0012618,,,,
CUS0012645,69,CUS0012645,,,,
CUS0012697,85,CUS0012697,,,,
CUS0012843,160,CUS0012843,,,,
CUS0013042,85,CUS0013042,,,,
CUS0013134,85,CUS0013134,,,,
CUS0013136,75,CUS0013136,,,,
CUS0013242,85,CUS0013242,,,,
CUS0013755,85,CUS0013755,,,,
CUS0013886,85,CUS0013886,,,,
CUS0014506,85,CUS0014506,,,,
CUS0014560,75,CUS0014560,,,,
CUS0014567,85,CUS0014567,,,,
CUS0014577,85,CUS0014577,,,,
CUS0014702,160,CUS0014702,,,,
CUS0014841,160,CUS0014841,,,,
CUS0014848,75,CUS0014848,,,,
CUS0014868,85,CUS0014868,,,,
CUS0014878,85,CUS0014878,,,,
CUS0014972,160,CUS0014972,,,,
CUS0014999,85,CUS0014999,,,,
CUS0015034,85,CUS0015034,,,,
CUS0015064,85,CUS0015064,,,,
CUS0015071,85,CUS0015071,,,,
CUS0015178,160,CUS0015178,,,,
CUS0015228,160,CUS0015228,,,,
CUS0015441,160,CUS0015441,,,,
CUS0015453,160,CUS0015453,,,,
CUS0015479,85,CUS0015479,,,,
CUS0015537,160,CUS0015537,,,,
CUS0015583,235,CUS0015583,,,,
CUS0015589,160,CUS0015589,,,,
CUS0015594,85,CUS0015594,,,,
CUS0015912,85,CUS0015912,,,,
CUS0015974,85,CUS0015974,,,,
CUS0015993,85,CUS0015993,,,,
CUS0016066,85,CUS0016066,,,,
CUS0016098,85,CUS0016098,,,,
CUS0016113,310,CUS0016113,,,,
CUS0016271,85,CUS0016271,,,,
CUS0016339,160,CUS0016339,,,,
CUS0016631,235,CUS0016631,,,,
CUS0016633,85,CUS0016633,,,,
CUS0016681,85,CUS0016681,,,,
CUS0016711,85,CUS0016711,,,,
CUS0016750,160,CUS0016750,,,,
CUS0016755,85,CUS0016755,,,,
CUS0016782,85,CUS0016782,,,,
CUS0016948,85,CUS0016948,,,,
CUS0017308,160,CUS0017308,,,,
CUS0017350,160,CUS0017350,,,,
CUS0017366,75,CUS0017366,,,,
CUS0017470,160,CUS0017470,,,,
CUS0017535,85,CUS0017535,,,,
CUS0017576,85,CUS0017576,,,,
CUS0017669,75,CUS0017669,,,,
CUS0017717,85,CUS0017717,,,,
CUS0017728,235,CUS0017728,,,,
CUS0017787,85,CUS0017787,,,,
CUS0017810,85,CUS0017810,,,,
CUS0017877,85,CUS0017877,,,,
CUS0018058,160,CUS0018058,,,,
CUS0018083,85,CUS0018083,,,,
CUS0018084,85,CUS0018084,,,,
CUS0018369,160,CUS0018369,,,,
CUS0018389,85,CUS0018389,,,,
CUS0018508,85,CUS0018508,,,,
CUS0018510,85,CUS0018510,,,,
CUS0018628,85,CUS0018628,,,,
CUS0018645,75,CUS0018645,,,,
CUS0018670,85,CUS0018670,,,,
CUS0018673,85,CUS0018673,,,,
CUS0018866,85,CUS0018866,,,,
CUS0018879,85,CUS0018879,,,,
CUS0019010,85,CUS0019010,,,,
CUS0019184,85,CUS0019184,,,,
CUS0019292,160,CUS0019292,,,,
CUS0019362,85,CUS0019362,,,,
CUS0019387,85,CUS0019387,,,,
CUS0019443,85,CUS0019443,,,,
CUS0019521,85,CUS0019521,,,,
CUS0019574,85,CUS0019574,,,,
CUS0019619,235,CUS0019619,,,,
CUS0019720,85,CUS0019720,,,,
CUS0019743,160,CUS0019743,,,,
CUS0019771,85,CUS0019771,,,,
CUS0019783,85,CUS0019783,,,,
CUS0019838,85,CUS0019838,,,,
CUS0019858,85,CUS0019858,,,,
CUS0019889,235,CUS0019889,,,,
CUS0019893,160,CUS0019893,,,,
CUS0020015,85,CUS0020015,,,,
CUS0020016,160,CUS0020016,,,,
CUS0020041,160,CUS0020041,,,,
CUS0020082,85,CUS0020082,,,,
CUS0020102,160,CUS0020102,,,,
CUS0020135,160,CUS0020135,,,,
CUS0020155,85,CUS0020155,,,,
CUS0020169,85,CUS0020169,,,,
CUS0020198,75,CUS0020198,,,,
CUS0020286,160,CUS0020286,,,,
CUS0020306,85,CUS0020306,,,,
CUS0020379,85,CUS0020379,,,,
CUS0020446,85,CUS0020446,,,,
CUS0020478,85,CUS0020478,,,,
CUS0020763,85,CUS0020763,,,,
CUS0020892,85,CUS0020892,,,,
CUS0020935,85,CUS0020935,,,,
CUS0021144,160,CUS0021144,,,,
CUS0021154,85,CUS0021154,,,,
CUS0021224,85,CUS0021224,,,,
CUS0021246,150,CUS0021246,,,,
CUS0021261,75,CUS0021261,,,,
CUS0021507,85,CUS0021507,,,,
CUS0021629,310,CUS0021629,,,,
CUS0021927,85,CUS0021927,,,,
CUS0021990,85,CUS0021990,,,,
CUS0022043,85,CUS0022043,,,,
CUS0022721,85,CUS0022721,,,,
CUS0022725,85,CUS0022725,,,,
CUS0022782,85,CUS0022782,,,,
CUS0022845,85,CUS0022845,,,,
CUS0022857,85,CUS0022857,,,,
CUS0022861,85,CUS0022861,,,,
CUS0022880,75,CUS0022880,,,,
CUS0022959,85,CUS0022959,,,,
CUS0022994,85,CUS0022994,,,,
CUS0023035,85,CUS0023035,,,,
CUS0023068,85,CUS0023068,,,,
CUS0023168,85,CUS0023168,,,,
CUS0023799,85,CUS0023799,,,,
CUS0023815,85,CUS0023815,,,,
CUS0023994,160,CUS0023994,,,,
CUS0024051,85,CUS0024051,,,,
CUS0024096,85,CUS0024096,,,,
CUS0024226,85,CUS0024226,,,,
CUS0024327,160,CUS0024327,,,,
CUS0024347,85,CUS0024347,,,,
CUS0024483,85,CUS0024483,,,,
CUS0024527,235,CUS0024527,,,,
CUS0024529,85,CUS0024529,,,,
CUS0024542,85,CUS0024542,,,,
CUS0024806,85,CUS0024806,,,,
CUS0024885,160,CUS0024885,,,,
CUS0025002,85,CUS0025002,,,,
CUS0025018,85,CUS0025018,,,,
CUS0025105,85,CUS0025105,,,,
CUS0025161,85,CUS0025161,,,,
CUS0025227,85,CUS0025227,,,,
CUS0025444,85,CUS0025444,,,,
CUS0025446,85,CUS0025446,,,,
CUS0025693,85,CUS0025693,,,,
CUS0025718,85,CUS0025718,,,,
CUS0025855,85,CUS0025855,,,,
CUS0025860,85,CUS0025860,,,,
CUS0025918,160,CUS0025918,,,,
CUS0025940,85,CUS0025940,,,,
CUS0026240,75,CUS0026240,,,,
CUS0026247,85,CUS0026247,,,,
CUS0026361,85,CUS0026361,,,,
CUS0026456,85,CUS0026456,,,,
CUS0026487,85,CUS0026487,,,,
CUS0026591,160,CUS0026591,,,,
CUS0026612,85,CUS0026612,,,,
CUS0026680,160,CUS0026680,,,,
CUS0026831,85,CUS0026831,,,,
CUS0027007,85,CUS0027007,,,,
CUS0027017,85,CUS0027017,,,,
CUS0027063,85,CUS0027063,,,,
CUS0027272,69,CUS0027272,,,,
CUS0027306,85,CUS0027306,,,,
CUS0027512,69,CUS0027512,,,,
CUS0027748,85,CUS0027748,,,,
CUS0027798,85,CUS0027798,,,,
CUS0028108,85,CUS0028108,,,,
CUS0028445,160,CUS0028445,,,,
CUS0028464,85,CUS0028464,,,,
CUS0028732,310,CUS0028732,,,,
CUS0028849,85,CUS0028849,,,,
CUS0028939,85,CUS0028939,,,,
CUS0029194,85,CUS0029194,,,,
CUS0029253,160,CUS0029253,,,,
CUS0029446,85,CUS0029446,,,,
CUS0029997,85,CUS0029997,,,,
CUS0030149,85,CUS0030149,,,,
CUS0030272,85,CUS0030272,,,,
CUS0030309,160,CUS0030309,,,,
CUS0030419,69,CUS0030419,,,,
CUS0030483,235,CUS0030483,,,,
CUS0030710,85,CUS0030710,,,,
CUS0030777,160,CUS0030777,,,,
CUS0030866,85,CUS0030866,,,,
CUS0030919,85,CUS0030919,,,,
CUS0030957,69,CUS0030957,,,,
CUS0030980,69,CUS0030980,,,,
CUS0031243,85,CUS0031243,,,,
CUS0031332,160,CUS0031332,,,,
CUS0031346,160,CUS0031346,,,,
CUS0031471,85,CUS0031471,,,,
CUS0031557,160,CUS0031557,,,,
CUS0031698,85,CUS0031698,,,,
CUS0031712,85,CUS0031712,,,,
CUS0031748,85,CUS0031748,,,,
CUS0031793,85,CUS0031793,,,,
CUS0031963,85,CUS0031963,,,,
CUS0032117,85,CUS0032117,,,,
CUS0032306,85,CUS0032306,,,,
CUS0032364,75,CUS0032364,,,,
CUS0032481,85,CUS0032481,,,,
CUS0032484,85,CUS0032484,,,,
CUS0032764,85,CUS0032764,,,,
CUS0032765,85,CUS0032765,,,,
CUS0032772,85,CUS0032772,,,,
CUS0032895,85,CUS0032895,,,,
CUS0033203,75,CUS0033203,,,,
CUS0033257,85,CUS0033257,,,,
CUS0033261,85,CUS0033261,,,,
CUS0033411,85,CUS0033411,,,,
CUS0033467,85,CUS0033467,,,,
CUS0033484,85,CUS0033484,,,,
CUS0033553,85,CUS0033553,,,,
CUS0033736,85,CUS0033736,,,,
CUS0033745,310,CUS0033745,,,,
CUS0033754,160,CUS0033754,,,,
CUS0033913,69,CUS0033913,,,,
CUS0033918,85,CUS0033918,,,,
CUS0034127,85,CUS0034127,,,,
CUS0034290,85,CUS0034290,,,,
CUS0034748,85,CUS0034748,,,,
CUS0034797,85,CUS0034797,,,,
CUS0034951,235,CUS0034951,,,,
CUS0034974,85,CUS0034974,,,,
CUS0035077,85,CUS0035077,,,,
CUS0035135,69,CUS0035135,,,,
CUS0035163,85,CUS0035163,,,,
CUS0035260,85,CUS0035260,,,,
CUS0035300,85,CUS0035300,,,,
CUS0035316,160,CUS0035316,,,,
CUS0035586,160,CUS0035586,,,,
CUS0035591,85,CUS0035591,,,,
CUS0035647,85,CUS0035647,,,,
CUS0035698,85,CUS0035698,,,,
CUS0035718,85,CUS0035718,,,,
CUS0035721,75,CUS0035721,,,,
CUS0035828,85,CUS0035828,,,,
CUS0035884,85,CUS0035884,,,,
CUS0035969,85,CUS0035969,,,,
CUS0036000,85,CUS0036000,,,,
CUS0036108,85,CUS0036108,,,,
CUS0036111,235,CUS0036111,,,,
CUS0036125,85,CUS0036125,,,,
CUS0036127,160,CUS0036127,,,,
CUS0036139,85,CUS0036139,,,,
CUS0036148,85,CUS0036148,,,,
CUS0036189,85,CUS0036189,,,,
CUS0036271,160,CUS0036271,,,,
CUS0036314,160,CUS0036314,,,,
CUS0036364,85,CUS0036364,,,,
CUS0036372,85,CUS0036372,,,,
CUS0036378,85,CUS0036378,,,,
CUS0036446,160,CUS0036446,,,,
CUS0036531,85,CUS0036531,,,,
CUS0036597,85,CUS0036597,,,,
CUS0036617,85,CUS0036617,,,,
CUS0036652,85,CUS0036652,,,,
CUS0036674,85,CUS0036674,,,,
CUS0036862,85,CUS0036862,,,,
CUS0036964,85,CUS0036964,,,,
CUS0037027,69,CUS0037027,,,,
CUS0037115,85,CUS0037115,,,,
CUS0037124,85,CUS0037124,,,,
CUS0037152,235,CUS0037152,,,,
CUS0037167,235,CUS0037167,,,,
CUS0037276,85,CUS0037276,,,,
CUS0037312,85,CUS0037312,,,,
CUS0037386,85,CUS0037386,,,,
CUS0037508,85,CUS0037508,,,,
CUS0037672,85,CUS0037672,,,,
CUS0037722,85,CUS0037722,,,,
CUS0037744,85,CUS0037744,,,,
CUS0037745,85,CUS0037745,,,,
CUS0037771,69,CUS0037771,,,,
CUS0037812,85,CUS0037812,,,,
CUS0037813,69,CUS0037813,,,,
CUS0037885,160,CUS0037885,,,,
CUS0038006,235,CUS0038006,,,,
CUS0038124,85,CUS0038124,,,,
CUS0038226,85,CUS0038226,,,,
CUS0038322,85,CUS0038322,,,,
CUS0038327,69,CUS0038327,,,,
CUS0038426,85,CUS0038426,,,,
CUS0038525,85,CUS0038525,,,,
CUS0038562,160,CUS0038562,,,,
CUS0038650,85,CUS0038650,,,,
CUS0038658,160,CUS0038658,,,,
CUS0038663,85,CUS0038663,,,,
CUS0038669,85,CUS0038669,,,,
CUS0038670,85,CUS0038670,,,,
CUS0038683,85,CUS0038683,,,,
CUS0038710,85,CUS0038710,,,,
CUS0038712,85,CUS0038712,,,,
CUS0038764,160,CUS0038764,,,,
CUS0038850,160,CUS0038850,,,,
CUS0038865,85,CUS0038865,,,,
CUS0038942,85,CUS0038942,,,,
CUS0038947,160,CUS0038947,,,,
CUS0038954,85,CUS0038954,,,,
CUS0038967,310,CUS0038967,,,,
CUS0038969,85,CUS0038969,,,,
CUS0039013,85,CUS0039013,,,,
CUS0039037,85,CUS0039037,,,,
CUS0039040,85,CUS0039040,,,,
CUS0039072,160,CUS0039072,,,,
CUS0039158,85,CUS0039158,,,,
CUS0039164,85,CUS0039164,,,,
CUS0039201,85,CUS0039201,,,,
CUS0039235,85,CUS0039235,,,,
CUS0039294,85,CUS0039294,,,,
CUS0039441,160,CUS0039441,,,,
CUS0039575,85,CUS0039575,,,,
CUS0039615,85,CUS0039615,,,,
CUS0039619,85,CUS0039619,,,,
CUS0039626,85,CUS0039626,,,,
CUS0039817,85,CUS0039817,,,,
CUS0039858,85,CUS0039858,,,,
CUS0039881,85,CUS0039881,,,,
CUS0039895,85,CUS0039895,,,,
CUS0039981,85,CUS0039981,,,,
CUS0040018,75,CUS0040018,,,,
CUS0040045,85,CUS0040045,,,,
CUS0040078,85,CUS0040078,,,,
CUS0040089,85,CUS0040089,,,,
CUS0040127,310,CUS0040127,,,,
CUS0040227,85,CUS0040227,,,,
CUS0040252,75,CUS0040252,,,,
CUS0040255,69,CUS0040255,,,,
CUS0040348,85,CUS0040348,,,,
CUS0040405,85,CUS0040405,,,,
CUS0040406,69,CUS0040406,,,,
CUS0040443,150,CUS0040443,,,,
CUS0040487,85,CUS0040487,,,,
CUS0040500,160,CUS0040500,,,,
CUS0040518,160,CUS0040518,,,,
CUS0040639,85,CUS0040639,,,,
CUS0040704,160,CUS0040704,,,,
CUS0040876,75,CUS0040876,,,,
CUS0040887,85,CUS0040887,,,,
CUS0040889,85,CUS0040889,,,,
CUS0040891,85,CUS0040891,,,,
CUS0040907,85,CUS0040907,,,,
CUS0040910,85,CUS0040910,,,,
CUS0040912,85,CUS0040912,,,,
CUS0040919,160,CUS0040919,,,,
CUS0040930,85,CUS0040930,,,,
CUS0040940,85,CUS0040940,,,,
CUS0040988,85,CUS0040988,,,,
CUS0041070,85,CUS0041070,,,,
CUS0041118,85,CUS0041118,,,,
CUS0041156,85,CUS0041156,,,,
CUS0041233,85,CUS0041233,,,,
CUS0041266,85,CUS0041266,,,,
CUS0041363,85,CUS0041363,,,,
CUS0041364,85,CUS0041364,,,,
CUS0041395,85,CUS0041395,,,,
CUS0041428,85,CUS0041428,,,,
CUS0041507,85,CUS0041507,,,,
CUS0041509,85,CUS0041509,,,,
CUS0041613,85,CUS0041613,,,,
CUS0041625,69,CUS0041625,,,,
CUS0041638,85,CUS0041638,,,,
CUS0041689,85,CUS0041689,,,,
CUS0041762,85,CUS0041762,,,,
CUS0041918,85,CUS0041918,,,,
CUS0041932,75,CUS0041932,,,,
CUS0041949,85,CUS0041949,,,,
CUS0042034,85,CUS0042034,,,,
CUS0042037,85,CUS0042037,,,,
CUS0042038,75,CUS0042038,,,,
CUS0042043,85,CUS0042043,,,,
CUS0042059,69,CUS0042059,,,,
CUS0042063,85,CUS0042063,,,,
CUS0042114,85,CUS0042114,,,,
CUS0042117,85,CUS0042117,,,,
CUS0042140,85,CUS0042140,,,,
CUS0042161,85,CUS0042161,,,,
CUS0042168,85,CUS0042168,,,,
CUS0042174,85,CUS0042174,,,,
CUS0042225,160,CUS0042225,,,,
CUS0042227,160,CUS0042227,,,,
CUS0042243,85,CUS0042243,,,,
CUS0042310,85,CUS0042310,,,,
CUS0042317,85,CUS0042317,,,,
CUS0042377,85,CUS0042377,,,,
CUS0042390,160,CUS0042390,,,,
CUS0042403,85,CUS0042403,,,,
CUS0042429,160,CUS0042429,,,,
CUS0042459,85,CUS0042459,,,,
CUS0042477,160,CUS0042477,,,,
CUS0042482,85,CUS0042482,,,,
CUS0042483,310,CUS0042483,,,,
CUS0042606,85,CUS0042606,,,,
CUS0042617,85,CUS0042617,,,,
CUS0042639,85,CUS0042639,,,,
CUS0042665,85,CUS0042665,,,,
CUS0042721,69,CUS0042721,,,,
CUS0042733,160,CUS0042733,,,,
CUS0042762,85,CUS0042762,,,,
CUS0042787,85,CUS0042787,,,,
CUS0042928,85,CUS0042928,,,,
CUS0043041,85,CUS0043041,,,,
CUS0043190,85,CUS0043190,,,,
CUS0043241,85,CUS0043241,,,,
CUS0043242,85,CUS0043242,,,,
CUS0043251,85,CUS0043251,,,,
CUS0043295,85,CUS0043295,,,,
CUS0043339,85,CUS0043339,,,,
CUS0043484,85,CUS0043484,,,,
CUS0043495,85,CUS0043495,,,,
CUS0043554,85,CUS0043554,,,,
CUS0043606,85,CUS0043606,,,,
CUS0043629,85,CUS0043629,,,,
CUS0043657,85,CUS0043657,,,,
CUS0043787,160,CUS0043787,,,,
CUS0043800,85,CUS0043800,,,,
CUS0043818,85,CUS0043818,,,,
CUS0043826,85,CUS0043826,,,,
CUS0043859,85,CUS0043859,,,,
CUS0043868,160,CUS0043868,,,,
CUS0043876,160,CUS0043876,,,,
CUS0043913,85,CUS0043913,,,,
CUS0043976,85,CUS0043976,,,,
CUS0044022,85,CUS0044022,,,,
CUS0044025,85,CUS0044025,,,,
CUS0044026,69,CUS0044026,,,,
CUS0044029,85,CUS0044029,,,,
CUS0044030,85,CUS0044030,,,,
CUS0044104,85,CUS0044104,,,,
CUS0044323,85,CUS0044323,,,,
CUS0044331,85,CUS0044331,,,,
CUS0044335,85,CUS0044335,,,,
CUS0044374,85,CUS0044374,,,,
CUS0044424,160,CUS0044424,,,,
CUS0044434,75,CUS0044434,,,,
CUS0044440,85,CUS0044440,,,,
CUS0044503,85,CUS0044503,,,,
CUS0044526,85,CUS0044526,,,,
CUS0044715,85,CUS0044715,,,,
CUS0044722,85,CUS0044722,,,,
CUS0044726,85,CUS0044726,,,,
CUS0044778,85,CUS0044778,,,,
CUS0044779,85,CUS0044779,,,,
CUS0044784,75,CUS0044784,,,,
CUS0044792,160,CUS0044792,,,,
CUS0044794,85,CUS0044794,,,,
CUS0044799,310,CUS0044799,,,,
CUS0044800,160,CUS0044800,,,,
CUS0044801,85,CUS0044801,,,,
CUS0044817,85,CUS0044817,,,,
CUS0044818,85,CUS0044818,,,,
CUS0044833,85,CUS0044833,,,,
CUS0044844,85,CUS0044844,,,,
CUS0044872,85,CUS0044872,,,,
CUS0044877,85,CUS0044877,,,,
CUS0044963,85,CUS0044963,,,,
CUS0044999,85,CUS0044999,,,,
CUS0045009,85,CUS0045009,,,,
CUS0045016,85,CUS0045016,,,,
CUS0045040,85,CUS0045040,,,,
CUS0045059,69,CUS0045059,,,,
CUS0045067,85,CUS0045067,,,,
CUS0045071,85,CUS0045071,,,,
CUS0045078,85,CUS0045078,,,,
CUS0045137,85,CUS0045137,,,,
CUS0045145,85,CUS0045145,,,,
CUS0045202,85,CUS0045202,,,,
CUS0045212,85,CUS0045212,,,,
CUS0045289,85,CUS0045289,,,,
CUS0045292,85,CUS0045292,,,,
CUS0045325,160,CUS0045325,,,,
CUS0045326,85,CUS0045326,,,,
CUS0045347,160,CUS0045347,,,,
CUS0045364,85,CUS0045364,,,,
CUS0045384,85,CUS0045384,,,,
CUS0045408,75,CUS0045408,,,,
CUS0045439,85,CUS0045439,,,,
CUS0045440,85,CUS0045440,,,,
CUS0045441,85,CUS0045441,,,,
CUS0045472,85,CUS0045472,,,,
CUS0045482,85,CUS0045482,,,,
CUS0045488,69,CUS0045488,,,,
CUS0045511,85,CUS0045511,,,,
CUS0045557,85,CUS0045557,,,,
CUS0045559,85,CUS0045559,,,,
CUS0045589,85,CUS0045589,,,,
CUS0045651,85,CUS0045651,,,,
CUS0045673,85,CUS0045673,,,,
CUS0045698,85,CUS0045698,,,,
CUS0045774,160,CUS0045774,,,,
CUS0045775,85,CUS0045775,,,,
CUS0045872,85,CUS0045872,,,,
CUS0045889,69,CUS0045889,,,,
CUS0045897,85,CUS0045897,,,,
CUS0045902,85,CUS0045902,,,,
CUS0045904,85,CUS0045904,,,,
CUS0045976,160,CUS0045976,,,,
CUS0045981,160,CUS0045981,,,,
CUS0045990,85,CUS0045990,,,,
CUS0046071,85,CUS0046071,,,,
CUS0046110,85,CUS0046110,,,,
CUS0046125,85,CUS0046125,,,,
CUS0046160,85,CUS0046160,,,,
CUS0046161,160,CUS0046161,,,,
CUS0046178,85,CUS0046178,,,,
CUS0046307,85,CUS0046307,,,,
CUS0046312,154,CUS0046312,,,,
CUS0046323,85,CUS0046323,,,,
CUS0046387,85,CUS0046387,,,,
CUS0046391,85,CUS0046391,,,,
CUS0046403,85,CUS0046403,,,,
CUS0046442,85,CUS0046442,,,,
CUS0046517,85,CUS0046517,,,,
CUS0046628,85,CUS0046628,,,,
CUS0046676,85,CUS0046676,,,,
CUS0046723,85,CUS0046723,,,,
CUS0046741,85,CUS0046741,,,,
CUS0046743,150,CUS0046743,,,,
CUS0046749,85,CUS0046749,,,,
CUS0046788,85,CUS0046788,,,,
CUS0046790,85,CUS0046790,,,,
CUS0046817,85,CUS0046817,,,,
CUS0046818,85,CUS0046818,,,,
CUS0046901,85,CUS0046901,,,,
CUS0046912,85,CUS0046912,,,,
CUS0046977,85,CUS0046977,,,,
CUS0047062,160,CUS0047062,,,,
CUS0047082,85,CUS0047082,,,,
CUS0047115,160,CUS0047115,,,,
CUS0047142,69,CUS0047142,,,,
CUS0047228,85,CUS0047228,,,,
CUS0047242,85,CUS0047242,,,,
CUS0047288,85,CUS0047288,,,,
CUS0047294,75,CUS0047294,,,,
CUS0047366,85,CUS0047366,,,,
CUS0047394,85,CUS0047394,,,,
CUS0047404,85,CUS0047404,,,,
CUS0047439,160,CUS0047439,,,,
CUS0047455,85,CUS0047455,,,,
CUS0047485,85,CUS0047485,,,,
CUS0047504,85,CUS0047504,,,,
CUS0047525,85,CUS0047525,,,,
CUS0047529,85,CUS0047529,,,,
CUS0047556,160,CUS0047556,,,,
CUS0047559,160,CUS0047559,,,,
CUS0047575,85,CUS0047575,,,,
CUS0047576,75,CUS0047576,,,,
CUS0047624,85,CUS0047624,,,,
CUS0047707,85,CUS0047707,,,,
CUS0047823,85,CUS0047823,,,,
CUS0047844,85,CUS0047844,,,,
CUS0047853,85,CUS0047853,,,,
CUS0047857,85,CUS0047857,,,,
CUS0047957,85,CUS0047957,,,,
CUS0048010,85,CUS0048010,,,,
CUS0048074,235,CUS0048074,,,,
CUS0048076,85,CUS0048076,,,,
CUS0048083,85,CUS0048083,,,,
CUS0048088,85,CUS0048088,,,,
CUS0048093,160,CUS0048093,,,,
CUS0048108,85,CUS0048108,,,,
CUS0048112,85,CUS0048112,,,,
CUS0048121,85,CUS0048121,,,,
CUS0048138,85,CUS0048138,,,,
CUS0048145,85,CUS0048145,,,,
CUS0048202,85,CUS0048202,,,,
CUS0048204,85,CUS0048204,,,,
CUS0048215,85,CUS0048215,,,,
CUS0048224,85,CUS0048224,,,,
CUS0048225,85,CUS0048225,,,,
CUS0048228,85,CUS0048228,,,,
CUS0048238,160,CUS0048238,,,,
CUS0048255,85,CUS0048255,,,,
CUS0048273,85,CUS0048273,,,,
CUS0048279,160,CUS0048279,,,,
CUS0048288,85,CUS0048288,,,,
CUS0048294,85,CUS0048294,,,,
CUS0048338,85,CUS0048338,,,,
CUS0048373,85,CUS0048373,,,,
CUS0048391,160,CUS0048391,,,,
CUS0048428,69,CUS0048428,,,,
CUS0048518,85,CUS0048518,,,,
CUS0048520,85,CUS0048520,,,,
CUS0048529,85,CUS0048529,,,,
CUS0048537,85,CUS0048537,,,,
CUS0048550,85,CUS0048550,,,,
CUS0048564,85,CUS0048564,,,,
CUS0048591,160,CUS0048591,,,,
CUS0048597,85,CUS0048597,,,,
CUS0048624,85,CUS0048624,,,,
CUS0048634,85,CUS0048634,,,,
CUS0048635,85,CUS0048635,,,,
CUS0048648,85,CUS0048648,,,,
CUS0048656,85,CUS0048656,,,,
CUS0048677,85,CUS0048677,,,,
CUS0048688,85,CUS0048688,,,,
CUS0048702,160,CUS0048702,,,,
CUS0048707,160,CUS0048707,,,,
CUS0048745,85,CUS0048745,,,,
CUS0048751,160,CUS0048751,,,,
CUS0048782,85,CUS0048782,,,,
CUS0048885,85,CUS0048885,,,,
CUS0048898,85,CUS0048898,,,,
CUS0048906,85,CUS0048906,,,,
CUS0048929,85,CUS0048929,,,,
CUS0048941,235,CUS0048941,,,,
CUS0048986,160,CUS0048986,,,,
CUS0048987,85,CUS0048987,,,,
CUS0048998,85,CUS0048998,,,,
CUS0048999,85,CUS0048999,,,,
CUS0049027,160,CUS0049027,,,,
CUS0049037,75,CUS0049037,,,,
CUS0049080,85,CUS0049080,,,,
CUS0049107,85,CUS0049107,,,,
CUS0049127,85,CUS0049127,,,,
CUS0049174,85,CUS0049174,,,,
CUS0049231,85,CUS0049231,,,,
CUS0049298,85,CUS0049298,,,,
CUS0049299,85,CUS0049299,,,,
CUS0049302,69,CUS0049302,,,,
CUS0049352,85,CUS0049352,,,,
CUS0049366,235,CUS0049366,,,,
CUS0049389,85,CUS0049389,,,,
CUS0049399,85,CUS0049399,,,,
CUS0049462,85,CUS0049462,,,,
CUS0049469,85,CUS0049469,,,,
CUS0049475,85,CUS0049475,,,,
CUS0049495,160,CUS0049495,,,,
CUS0049521,85,CUS0049521,,,,
CUS0049542,160,CUS0049542,,,,
CUS0049589,85,CUS0049589,,,,
CUS0049591,85,CUS0049591,,,,
CUS0049596,85,CUS0049596,,,,
CUS0049598,85,CUS0049598,,,,
CUS0049614,85,CUS0049614,,,,
CUS0049627,85,CUS0049627,,,,
CUS0049648,160,CUS0049648,,,,
CUS0049668,85,CUS0049668,,,,
CUS0049674,85,CUS0049674,,,,
CUS0049688,75,CUS0049688,,,,
CUS0049759,85,CUS0049759,,,,
CUS0049789,85,CUS0049789,,,,
CUS0049806,85,CUS0049806,,,,
CUS0049829,85,CUS0049829,,,,
CUS0049838,85,CUS0049838,,,,
CUS0049841,85,CUS0049841,,,,
CUS0049857,160,CUS0049857,,,,
CUS0049878,85,CUS0049878,,,,
CUS0049902,75,CUS0049902,,,,
CUS0049943,85,CUS0049943,,,,
CUS0049944,85,CUS0049944,,,,
CUS0049979,85,CUS0049979,,,,
CUS0050016,85,CUS0050016,,,,
CUS0050072,85,CUS0050072,,,,
CUS0050094,85,CUS0050094,,,,
CUS0050105,85,CUS0050105,,,,
CUS0050115,85,CUS0050115,,,,
CUS0050225,85,CUS0050225,,,,
CUS0050235,85,CUS0050235,,,,
CUS0050300,85,CUS0050300,,,,
CUS0050318,85,CUS0050318,,,,
CUS0050346,75,CUS0050346,,,,
CUS0050400,85,CUS0050400,,,,
CUS0050404,160,CUS0050404,,,,
CUS0050412,85,CUS0050412,,,,
CUS0050459,160,CUS0050459,,,,
CUS0050513,85,CUS0050513,,,,
CUS0050520,85,CUS0050520,,,,
CUS0050522,75,CUS0050522,,,,
CUS0050542,85,CUS0050542,,,,
CUS0050545,85,CUS0050545,,,,
CUS0050554,85,CUS0050554,,,,
CUS0050580,85,CUS0050580,,,,
CUS0050586,235,CUS0050586,,,,
CUS0050640,85,CUS0050640,,,,
CUS0050643,85,CUS0050643,,,,
CUS0050696,160,CUS0050696,,,,
CUS0050702,85,CUS0050702,,,,
CUS0050714,85,CUS0050714,,,,
CUS0050791,160,CUS0050791,,,,
CUS0050820,85,CUS0050820,,,,
CUS0050831,85,CUS0050831,,,,
CUS0050832,85,CUS0050832,,,,
CUS0050844,85,CUS0050844,,,,
CUS0050869,85,CUS0050869,,,,
CUS0050885,85,CUS0050885,,,,
CUS0050895,85,CUS0050895,,,,
CUS0050903,85,CUS0050903,,,,
CUS0050905,85,CUS0050905,,,,
CUS0050907,85,CUS0050907,,,,
CUS0050913,160,CUS0050913,,,,
CUS0050914,85,CUS0050914,,,,
CUS0050924,85,CUS0050924,,,,
CUS0050954,85,CUS0050954,,,,
CUS0050966,85,CUS0050966,,,,
CUS0051000,160,CUS0051000,,,,
CUS0051015,85,CUS0051015,,,,
CUS0051054,85,CUS0051054,,,,
CUS0051115,85,CUS0051115,,,,
CUS0051123,85,CUS0051123,,,,
CUS0051128,85,CUS0051128,,,,
CUS0051149,85,CUS0051149,,,,
CUS0051170,85,CUS0051170,,,,
CUS0051237,150,CUS0051237,,,,
CUS0051242,85,CUS0051242,,,,
CUS0051252,85,CUS0051252,,,,
CUS0051260,85,CUS0051260,,,,
CUS0051269,85,CUS0051269,,,,
CUS0051290,85,CUS0051290,,,,
CUS0051314,85,CUS0051314,,,,
CUS0051350,85,CUS0051350,,,,
CUS0051366,75,CUS0051366,,,,
CUS0051466,85,CUS0051466,,,,
CUS0051493,85,CUS0051493,,,,
CUS0051500,75,CUS0051500,,,,
CUS0051527,85,CUS0051527,,,,
CUS0051605,85,CUS0051605,,,,
CUS0051618,85,CUS0051618,,,,
CUS0051641,85,CUS0051641,,,,
CUS0051660,85,CUS0051660,,,,
CUS0051668,85,CUS0051668,,,,
CUS0051672,85,CUS0051672,,,,
CUS0051697,85,CUS0051697,,,,
CUS0051711,85,CUS0051711,,,,
CUS0051726,85,CUS0051726,,,,
CUS0051729,85,CUS0051729,,,,
CUS0051744,85,CUS0051744,,,,
CUS0051772,85,CUS0051772,,,,
CUS0051788,85,CUS0051788,,,,
CUS0051793,85,CUS0051793,,,,
CUS0051797,75,CUS0051797,,,,
CUS0051798,75,CUS0051798,,,,
CUS0051827,85,CUS0051827,,,,
CUS0051829,85,CUS0051829,,,,
CUS0051835,85,CUS0051835,,,,
CUS0051866,85,CUS0051866,,,,
CUS0051874,85,CUS0051874,,,,
CUS0051885,85,CUS0051885,,,,
CUS0051888,85,CUS0051888,,,,
CUS0051927,85,CUS0051927,,,,
CUS0051962,85,CUS0051962,,,,
CUS0052099,85,CUS0052099,,,,
CUS0052113,160,CUS0052113,,,,
CUS0052126,160,CUS0052126,,,,
CUS0052134,85,CUS0052134,,,,
CUS0052137,85,CUS0052137,,,,
CUS0052139,85,CUS0052139,,,,
CUS0052143,85,CUS0052143,,,,
CUS0052227,85,CUS0052227,,,,
CUS0052239,85,CUS0052239,,,,
CUS0052247,85,CUS0052247,,,,
CUS0052292,85,CUS0052292,,,,
CUS0052294,160,CUS0052294,,,,
CUS0052318,85,CUS0052318,,,,
CUS0052330,85,CUS0052330,,,,
CUS0052410,85,CUS0052410,,,,
CUS0052436,85,CUS0052436,,,,
CUS0052451,85,CUS0052451,,,,
CUS0052457,85,CUS0052457,,,,
CUS0052481,85,CUS0052481,,,,
CUS0052485,85,CUS0052485,,,,
CUS0052495,85,CUS0052495,,,,
CUS0052496,85,CUS0052496,,,,
CUS0052502,85,CUS0052502,,,,
CUS0052578,85,CUS0052578,,,,
CUS0052592,85,CUS0052592,,,,
CUS0052709,85,CUS0052709,,,,
CUS0052747,69,CUS0052747,,,,
CUS0052750,85,CUS0052750,,,,
CUS0052765,85,CUS0052765,,,,
CUS0052766,85,CUS0052766,,,,
CUS0052767,85,CUS0052767,,,,
CUS0052770,85,CUS0052770,,,,
CUS0052773,85,CUS0052773,,,,
CUS0052775,85,CUS0052775,,,,
CUS0052804,160,CUS0052804,,,,
CUS0052806,85,CUS0052806,,,,
CUS0052851,85,CUS0052851,,,,
CUS0052875,85,CUS0052875,,,,
CUS0052901,85,CUS0052901,,,,
CUS0052910,85,CUS0052910,,,,
CUS0052927,85,CUS0052927,,,,
CUS0052960,138,CUS0052960,,,,
CUS0052965,85,CUS0052965,,,,
CUS0052989,160,CUS0052989,,,,
CUS0052990,69,CUS0052990,,,,
CUS0052992,75,CUS0052992,,,,
CUS0052993,85,CUS0052993,,,,
CUS0052994,85,CUS0052994,,,,
CUS0053004,85,CUS0053004,,,,
CUS0053017,85,CUS0053017,,,,
CUS0053026,85,CUS0053026,,,,
CUS0053077,85,CUS0053077,,,,
CUS0053087,69,CUS0053087,,,,
CUS0053102,85,CUS0053102,,,,
CUS0053143,85,CUS0053143,,,,
CUS0053187,69,CUS0053187,,,,
CUS0053236,85,CUS0053236,,,,
CUS0053237,85,CUS0053237,,,,
CUS0053265,85,CUS0053265,,,,
CUS0053269,85,CUS0053269,,,,
CUS0053273,85,CUS0053273,,,,
CUS0053283,75,CUS0053283,,,,
CUS0053380,85,CUS0053380,,,,
CUS0053449,85,CUS0053449,,,,
CUS0053460,85,CUS0053460,,,,
CUS0053493,85,CUS0053493,,,,
CUS0053497,85,CUS0053497,,,,
CUS0053514,85,CUS0053514,,,,
CUS0053523,75,CUS0053523,,,,
CUS0053551,69,CUS0053551,,,,
CUS0053573,85,CUS0053573,,,,
CUS0053595,85,CUS0053595,,,,
CUS0053603,160,CUS0053603,,,,
CUS0053605,85,CUS0053605,,,,
CUS0053606,160,CUS0053606,,,,
CUS0053628,85,CUS0053628,,,,
CUS0053630,85,CUS0053630,,,,
CUS0053662,85,CUS0053662,,,,
CUS0053685,85,CUS0053685,,,,
CUS0053704,85,CUS0053704,,,,
CUS0053706,85,CUS0053706,,,,
CUS0053713,85,CUS0053713,,,,
CUS0053726,85,CUS0053726,,,,
CUS0053734,75,CUS0053734,,,,
CUS0053763,85,CUS0053763,,,,
CUS0053767,85,CUS0053767,,,,
CUS0053781,85,CUS0053781,,,,
CUS0054335,85,CUS0054335,,,,
CUS0054435,85,CUS0054435,,,,
CUS0054446,85,CUS0054446,,,,
CUS0054488,85,CUS0054488,,,,
CUS0054491,85,CUS0054491,,,,
CUS0054523,85,CUS0054523,,,,
CUS0054527,85,CUS0054527,,,,
CUS0054544,85,CUS0054544,,,,
CUS0054560,85,CUS0054560,,,,
CUS0054582,85,CUS0054582,,,,
CUS0054751,85,CUS0054751,,,,
CUS0054795,85,CUS0054795,,,,
CUS0054798,85,CUS0054798,,,,
CUS0054844,85,CUS0054844,,,,
CUS0054911,85,CUS0054911,,,,
CUS0054920,75,CUS0054920,,,,
CUS0054928,85,CUS0054928,,,,
CUS0054972,85,CUS0054972,,,,
CUS0054979,85,CUS0054979,,,,
CUS0055032,160,CUS0055032,,,,
CUS0055074,85,CUS0055074,,,,
CUS0055142,160,CUS0055142,,,,
CUS0055144,75,CUS0055144,,,,
CUS0055165,85,CUS0055165,,,,
CUS0055243,85,CUS0055243,,,,
CUS0055248,85,CUS0055248,,,,
CUS0055275,160,CUS0055275,,,,
CUS0055294,85,CUS0055294,,,,
CUS0055300,85,CUS0055300,,,,
CUS0055327,160,CUS0055327,,,,
CUS0055383,85,CUS0055383,,,,
CUS0055470,85,CUS0055470,,,,
CUS0055500,85,CUS0055500,,,,
CUS0055529,85,CUS0055529,,,,
CUS0055532,85,CUS0055532,,,,
CUS0055537,85,CUS0055537,,,,
CUS0055539,75,CUS0055539,,,,
CUS0055541,85,CUS0055541,,,,
CUS0055567,75,CUS0055567,,,,
CUS0055645,75,CUS0055645,,,,
CUS0055678,85,CUS0055678,,,,
CUS0055686,85,CUS0055686,,,,
CUS0055687,75,CUS0055687,,,,
CUS0055700,85,CUS0055700,,,,
CUS0055701,85,CUS0055701,,,,
CUS0055710,85,CUS0055710,,,,
CUS0055715,85,CUS0055715,,,,
CUS0055721,85,CUS0055721,,,,
CUS0055726,85,CUS0055726,,,,
CUS0055727,85,CUS0055727,,,,
CUS0055728,85,CUS0055728,,,,
CUS0055773,69,CUS0055773,,,,
CUS0055800,85,CUS0055800,,,,
CUS0055806,85,CUS0055806,,,,
CUS0055835,75,CUS0055835,,,,
CUS0055852,85,CUS0055852,,,,
CUS0055854,85,CUS0055854,,,,
CUS0055870,85,CUS0055870,,,,
CUS0055886,85,CUS0055886,,,,
CUS0055891,85,CUS0055891,,,,
CUS0055901,85,CUS0055901,,,,
CUS0055912,85,CUS0055912,,,,
CUS0055918,85,CUS0055918,,,,
CUS0055931,85,CUS0055931,,,,
CUS0055952,85,CUS0055952,,,,
CUS0055954,85,CUS0055954,,,,
CUS0055961,85,CUS0055961,,,,
CUS0055989,85,CUS0055989,,,,
CUS0056009,85,CUS0056009,,,,
CUS0056046,69,CUS0056046,,,,
CUS0056070,85,CUS0056070,,,,
CUS0056072,85,CUS0056072,,,,
CUS0056087,85,CUS0056087,,,,
CUS0056116,85,CUS0056116,,,,
CUS0056117,75,CUS0056117,,,,
CUS0056118,85,CUS0056118,,,,
CUS0056124,85,CUS0056124,,,,
CUS0056135,75,CUS0056135,,,,
CUS0056142,160,CUS0056142,,,,
CUS0056150,75,CUS0056150,,,,
CUS0056228,85,CUS0056228,,,,
CUS0056251,85,CUS0056251,,,,
CUS0056297,75,CUS0056297,,,,
CUS0056308,85,CUS0056308,,,,
CUS0056352,85,CUS0056352,,,,
CUS0056474,85,CUS0056474,,,,
CUS0056475,85,CUS0056475,,,,
CUS0056479,85,CUS0056479,,,,
CUS0056495,75,CUS0056495,,,,
CUS0056499,85,CUS0056499,,,,
CUS0056576,85,CUS0056576,,,,
CUS0056577,85,CUS0056577,,,,
CUS0056578,75,CUS0056578,,,,
CUS0056580,85,CUS0056580,,,,
CUS0056593,85,CUS0056593,,,,
CUS0056619,85,CUS0056619,,,,
CUS0056625,160,CUS0056625,,,,
CUS0056646,160,CUS0056646,,,,
CUS0056656,85,CUS0056656,,,,
CUS0056693,85,CUS0056693,,,,
CUS0056791,85,CUS0056791,,,,
CUS0056863,85,CUS0056863,,,,
CUS0056867,85,CUS0056867,,,,
CUS0056892,85,CUS0056892,,,,
CUS0056909,85,CUS0056909,,,,
CUS0056949,85,CUS0056949,,,,
CUS0056952,85,CUS0056952,,,,
CUS0056958,85,CUS0056958,,,,
CUS0056967,85,CUS0056967,,,,
CUS0056973,85,CUS0056973,,,,
CUS0056980,85,CUS0056980,,,,
CUS0056986,85,CUS0056986,,,,
CUS0057023,85,CUS0057023,,,,
CUS0057027,85,CUS0057027,,,,
CUS0057044,85,CUS0057044,,,,
CUS0057095,85,CUS0057095,,,,
CUS0057118,85,CUS0057118,,,,
CUS0057155,85,CUS0057155,,,,
CUS0057156,85,CUS0057156,,,,
CUS0057162,85,CUS0057162,,,,
CUS0057175,85,CUS0057175,,,,
CUS0057197,85,CUS0057197,,,,
CUS0057207,85,CUS0057207,,,,
CUS0057209,85,CUS0057209,,,,
CUS0057274,85,CUS0057274,,,,
CUS0057276,85,CUS0057276,,,,
CUS0057344,85,CUS0057344,,,,
CUS0057345,85,CUS0057345,,,,
CUS0057373,85,CUS0057373,,,,
CUS0057399,85,CUS0057399,,,,
CUS0057409,85,CUS0057409,,,,
CUS0057430,85,CUS0057430,,,,
CUS0057436,85,CUS0057436,,,,
CUS0057467,85,CUS0057467,,,,
CUS0057486,85,CUS0057486,,,,
CUS0057507,85,CUS0057507,,,,
CUS0057534,85,CUS0057534,,,,
CUS0057539,69,CUS0057539,,,,
CUS0057562,85,CUS0057562,,,,
CUS0057563,85,CUS0057563,,,,
CUS0057608,160,CUS0057608,,,,
CUS0057647,85,CUS0057647,,,,
CUS0057710,85,CUS0057710,,,,
CUS0057714,85,CUS0057714,,,,
CUS0057739,85,CUS0057739,,,,
CUS0057751,69,CUS0057751,,,,
CUS0057791,85,CUS0057791,,,,
CUS0057807,160,CUS0057807,,,,
CUS0057836,75,CUS0057836,,,,
CUS0057875,85,CUS0057875,,,,
CUS0057902,69,CUS0057902,,,,
CUS0057934,85,CUS0057934,,,,
CUS0057943,85,CUS0057943,,,,
CUS0057956,85,CUS0057956,,,,
CUS0057960,85,CUS0057960,,,,
CUS0058019,85,CUS0058019,,,,
CUS0058030,69,CUS0058030,,,,
CUS0058048,85,CUS0058048,,,,
CUS0058080,85,CUS0058080,,,,
CUS0058087,85,CUS0058087,,,,
CUS0058103,85,CUS0058103,,,,
CUS0058110,85,CUS0058110,,,,
CUS0058121,69,CUS0058121,,,,
CUS0058138,69,CUS0058138,,,,
CUS0058176,85,CUS0058176,,,,
CUS0058180,85,CUS0058180,,,,
CUS0058182,85,CUS0058182,,,,
CUS0058187,69,CUS0058187,,,,
CUS0058214,85,CUS0058214,,,,
CUS0058238,85,CUS0058238,,,,
CUS0058246,85,CUS0058246,,,,
CUS0058247,85,CUS0058247,,,,
CUS0058249,85,CUS0058249,,,,
CUS0058251,85,CUS0058251,,,,
CUS0058254,85,CUS0058254,,,,
CUS0058256,85,CUS0058256,,,,
CUS0058264,85,CUS0058264,,,,
CUS0058268,85,CUS0058268,,,,
CUS0058276,85,CUS0058276,,,,
CUS0058314,69,CUS0058314,,,,
CUS0058320,85,CUS0058320,,,,
CUS0058325,85,CUS0058325,,,,
CUS0058331,85,CUS0058331,,,,
CUS0058336,85,CUS0058336,,,,
CUS0058339,85,CUS0058339,,,,
CUS0058347,85,CUS0058347,,,,
CUS0058369,85,CUS0058369,,,,
CUS0058384,85,CUS0058384,,,,
CUS0058398,85,CUS0058398,,,,
CUS0058405,85,CUS0058405,,,,
CUS0058409,85,CUS0058409,,,,
CUS0058447,85,CUS0058447,,,,
CUS0058534,85,CUS0058534,,,,
CUS0058548,85,CUS0058548,,,,
CUS0058554,85,CUS0058554,,,,
CUS0058593,85,CUS0058593,,,,
CUS0058614,85,CUS0058614,,,,
CUS0058616,85,CUS0058616,,,,
CUS0058617,85,CUS0058617,,,,
CUS0058618,69,CUS0058618,,,,
CUS0058663,85,CUS0058663,,,,
CUS0058669,85,CUS0058669,,,,
CUS0058682,85,CUS0058682,,,,
CUS0058688,69,CUS0058688,,,,
CUS0058690,85,CUS0058690,,,,
CUS0058695,85,CUS0058695,,,,
CUS0058715,85,CUS0058715,,,,
CUS0058731,85,CUS0058731,,,,
CUS0058773,85,CUS0058773,,,,
CUS0058776,69,CUS0058776,,,,
CUS0058802,69,CUS0058802,,,,
CUS0058808,85,CUS0058808,,,,
CUS0058835,69,CUS0058835,,,,
CUS0058837,160,CUS0058837,,,,
CUS0058841,160,CUS0058841,,,,
CUS0058844,85,CUS0058844,,,,
CUS0058854,85,CUS0058854,,,,
CUS0058860,85,CUS0058860,,,,
CUS0058863,85,CUS0058863,,,,
CUS0058877,85,CUS0058877,,,,
CUS0058880,85,CUS0058880,,,,
CUS0058887,85,CUS0058887,,,,
CUS0058888,85,CUS0058888,,,,
CUS0058892,85,CUS0058892,,,,
CUS0058897,69,CUS0058897,,,,
CUS0058914,69,CUS0058914,,,,
CUS0058921,85,CUS0058921,,,,
CUS0058943,85,CUS0058943,,,,
CUS0058953,85,CUS0058953,,,,
CUS0058954,69,CUS0058954,,,,
CUS0058968,85,CUS0058968,,,,
CUS0058986,160,CUS0058986,,,,
CUS0058989,85,CUS0058989,,,,
CUS0058991,85,CUS0058991,,,,
CUS0058992,85,CUS0058992,,,,
CUS0059024,85,CUS0059024,,,,
CUS0059039,85,CUS0059039,,,,
CUS0059050,85,CUS0059050,,,,
CUS0059072,85,CUS0059072,,,,
CUS0059073,85,CUS0059073,,,,
CUS0059075,85,CUS0059075,,,,
CUS0059082,85,CUS0059082,,,,
CUS0059102,85,CUS0059102,,,,
CUS0059125,69,CUS0059125,,,,
CUS0059135,85,CUS0059135,,,,
CUS0059193,85,CUS0059193,,,,
CUS0059204,85,CUS0059204,,,,
CUS0059210,85,CUS0059210,,,,
CUS0059218,160,CUS0059218,,,,
CUS0059220,85,CUS0059220,,,,
CUS0059226,85,CUS0059226,,,,
CUS0059227,85,CUS0059227,,,,
CUS0059238,69,CUS0059238,,,,
CUS0059260,85,CUS0059260,,,,
CUS0059265,85,CUS0059265,,,,
CUS0059297,85,CUS0059297,,,,
CUS0059308,85,CUS0059308,,,,
CUS0059343,85,CUS0059343,,,,
CUS0059360,85,CUS0059360,,,,
CUS0059364,85,CUS0059364,,,,
CUS0059441,85,CUS0059441,,,,
CUS0059445,85,CUS0059445,,,,
CUS0059453,85,CUS0059453,,,,
CUS0059488,85,CUS0059488,,,,
CUS0059492,85,CUS0059492,,,,
CUS0059502,85,CUS0059502,,,,
CUS0059522,75,CUS0059522,,,,
CUS0059525,85,CUS0059525,,,,
CUS0059528,85,CUS0059528,,,,
CUS0059558,85,CUS0059558,,,,
CUS0059605,65,CUS0059605,,,,
CUS0059626,65,CUS0059626,,,,
