Mandate ID,Amount,Reference
CUS0018964,85,CUS0018964
CUS0018966,85,CUS0018966
CUS0018974,85,CUS0018974
CUS0018976,160,CUS0018976
CUS0018988,85,CUS0018988
CUS0018992,310,CUS0018992
CUS0018999,85,CUS0018999
CUS0019009,85,CUS0019009
CUS0019012,85,CUS0019012
CUS0019015,85,CUS0019015
CUS0019017,160,CUS0019017
CUS0019021,85,CUS0019021
CUS0019028,85,CUS0019028
CUS0019040,85,CUS0019040
CUS0019049,85,CUS0019049
CUS0019061,85,CUS0019061
CUS0019063,85,CUS0019063
CUS0019075,85,CUS0019075
CUS0019086,85,CUS0019086
CUS0019090,85,CUS0019090
CUS0019095,160,CUS0019095
CUS0019108,85,CUS0019108
CUS0019113,75,CUS0019113
CUS0019114,85,CUS0019114
CUS0019123,160,CUS0019123
CUS0019130,85,CUS0019130
CUS0019134,85,CUS0019134
CUS0019141,85,CUS0019141
CUS0019154,85,CUS0019154
CUS0019159,85,CUS0019159
CUS0019160,85,CUS0019160
CUS0019164,85,CUS0019164
CUS0019173,85,CUS0019173
CUS0019177,85,CUS0019177
CUS0019187,85,CUS0019187
CUS0019201,85,CUS0019201
CUS0019211,85,CUS0019211
CUS0019215,85,CUS0019215
CUS0019243,160,CUS0019243
CUS0019244,160,CUS0019244
CUS0019247,85,CUS0019247
CUS0019256,160,CUS0019256
CUS0019257,85,CUS0019257
CUS0019260,85,CUS0019260
CUS0019266,160,CUS0019266
CUS0019267,85,CUS0019267
CUS0019281,160,CUS0019281
CUS0019290,85,CUS0019290
CUS0019291,160,CUS0019291
CUS0019296,235,CUS0019296
CUS0019328,85,CUS0019328
CUS0019330,85,CUS0019330
CUS0019355,85,CUS0019355
CUS0019365,85,CUS0019365
CUS0019366,85,CUS0019366
CUS0019395,85,CUS0019395
CUS0019396,85,CUS0019396
CUS0019415,85,CUS0019415
CUS0019433,160,CUS0019433
CUS0019444,75,CUS0019444
CUS0019445,85,CUS0019445
CUS0019446,85,CUS0019446
CUS0019449,85,CUS0019449
CUS0019451,85,CUS0019451
CUS0019462,160,CUS0019462
CUS0019463,85,CUS0019463
CUS0019464,85,CUS0019464
CUS0019468,85,CUS0019468
CUS0019487,85,CUS0019487
CUS0019491,160,CUS0019491
CUS0019498,85,CUS0019498
CUS0019503,235,CUS0019503
CUS0019504,85,CUS0019504
CUS0019520,85,CUS0019520
CUS0019530,85,CUS0019530
CUS0019531,69,CUS0019531
CUS0019542,85,CUS0019542
CUS0019543,85,CUS0019543
CUS0019545,85,CUS0019545
CUS0019549,85,CUS0019549
CUS0019553,85,CUS0019553
CUS0019564,85,CUS0019564
CUS0019575,85,CUS0019575
CUS0019577,85,CUS0019577
CUS0019581,160,CUS0019581
CUS0019585,85,CUS0019585
CUS0019588,85,CUS0019588
CUS0019589,235,CUS0019589
CUS0019600,160,CUS0019600
CUS0019601,160,CUS0019601
CUS0019608,235,CUS0019608
CUS0019617,160,CUS0019617
CUS0019618,160,CUS0019618
CUS0019621,85,CUS0019621
CUS0019623,85,CUS0019623
CUS0019647,160,CUS0019647
CUS0019654,235,CUS0019654
CUS0019662,160,CUS0019662
CUS0019664,160,CUS0019664
CUS0019666,85,CUS0019666
CUS0019667,85,CUS0019667
CUS0019669,85,CUS0019669
CUS0019678,75,CUS0019678
CUS0019681,85,CUS0019681
CUS0019683,85,CUS0019683
CUS0019700,85,CUS0019700
CUS0019711,85,CUS0019711
CUS0019715,160,CUS0019715
CUS0019726,85,CUS0019726
CUS0019728,235,CUS0019728
CUS0019732,85,CUS0019732
CUS0019735,85,CUS0019735
CUS0019744,85,CUS0019744
CUS0019747,85,CUS0019747
CUS0019751,75,CUS0019751
CUS0019752,85,CUS0019752
CUS0019761,160,CUS0019761
CUS0019762,85,CUS0019762
CUS0019765,85,CUS0019765
CUS0019767,85,CUS0019767
CUS0019773,85,CUS0019773
CUS0019777,85,CUS0019777
CUS0019788,160,CUS0019788
CUS0019796,85,CUS0019796
CUS0019800,85,CUS0019800
CUS0019801,85,CUS0019801
CUS0019804,85,CUS0019804
CUS0019810,160,CUS0019810
CUS0019811,85,CUS0019811
CUS0019816,85,CUS0019816
CUS0019827,85,CUS0019827
CUS0019831,85,CUS0019831
CUS0019832,85,CUS0019832
CUS0019839,85,CUS0019839
CUS0019844,85,CUS0019844
CUS0019853,85,CUS0019853
CUS0019863,85,CUS0019863
CUS0019864,85,CUS0019864
CUS0019867,85,CUS0019867
CUS0019872,160,CUS0019872
CUS0019875,85,CUS0019875
CUS0019888,85,CUS0019888
CUS0019891,85,CUS0019891
CUS0019892,85,CUS0019892
CUS0019897,85,CUS0019897
CUS0019899,85,CUS0019899
CUS0019912,85,CUS0019912
CUS0019914,85,CUS0019914
CUS0019915,85,CUS0019915
CUS0019923,85,CUS0019923
CUS0019926,85,CUS0019926
CUS0019927,85,CUS0019927
CUS0019938,85,CUS0019938
CUS0019946,85,CUS0019946
CUS0019948,85,CUS0019948
CUS0019953,85,CUS0019953
CUS0019969,310,CUS0019969
CUS0019971,160,CUS0019971
CUS0019974,85,CUS0019974
CUS0019987,85,CUS0019987
CUS0019996,85,CUS0019996
CUS0019999,75,CUS0019999
CUS0020002,150,CUS0020002
CUS0020011,160,CUS0020011
CUS0020027,85,CUS0020027
CUS0020048,69,CUS0020048
CUS0020049,85,CUS0020049
CUS0020061,85,CUS0020061
CUS0020087,85,CUS0020087
CUS0020099,85,CUS0020099
CUS0020115,160,CUS0020115
CUS0020126,85,CUS0020126
CUS0020141,85,CUS0020141
CUS0020144,85,CUS0020144
CUS0020153,160,CUS0020153
CUS0020167,160,CUS0020167
CUS0020172,160,CUS0020172
CUS0020173,85,CUS0020173
CUS0020179,85,CUS0020179
CUS0020189,85,CUS0020189
CUS0020195,160,CUS0020195
CUS0020196,75,CUS0020196
CUS0020207,85,CUS0020207
CUS0020214,85,CUS0020214
CUS0020216,85,CUS0020216
CUS0020219,160,CUS0020219
CUS0020222,160,CUS0020222
CUS0020227,160,CUS0020227
CUS0020235,85,CUS0020235
CUS0020240,85,CUS0020240
CUS0020276,85,CUS0020276
CUS0020279,160,CUS0020279
CUS0020283,85,CUS0020283
CUS0020284,235,CUS0020284
CUS0020293,85,CUS0020293
CUS0020302,85,CUS0020302
CUS0020307,85,CUS0020307
CUS0020313,85,CUS0020313
CUS0020328,85,CUS0020328
CUS0020342,85,CUS0020342
CUS0020352,85,CUS0020352
CUS0020361,85,CUS0020361
CUS0020362,160,CUS0020362
CUS0020375,85,CUS0020375
CUS0020382,85,CUS0020382
CUS0020391,160,CUS0020391
CUS0020393,85,CUS0020393
CUS0020396,85,CUS0020396
CUS0020397,385,CUS0020397
CUS0020399,85,CUS0020399
CUS0020412,85,CUS0020412
CUS0020437,85,CUS0020437
CUS0020438,85,CUS0020438
CUS0020439,85,CUS0020439
CUS0020447,160,CUS0020447
CUS0020451,85,CUS0020451
CUS0020462,85,CUS0020462
CUS0020503,85,CUS0020503
CUS0020513,85,CUS0020513
CUS0020515,85,CUS0020515
CUS0020519,85,CUS0020519
CUS0020521,85,CUS0020521
CUS0020522,85,CUS0020522
CUS0020533,160,CUS0020533
CUS0020537,160,CUS0020537
CUS0020540,85,CUS0020540
CUS0020547,160,CUS0020547
CUS0020575,85,CUS0020575
CUS0020578,85,CUS0020578
CUS0020579,85,CUS0020579
CUS0020585,85,CUS0020585
CUS0020586,160,CUS0020586
CUS0020588,160,CUS0020588
CUS0020593,85,CUS0020593
CUS0020597,160,CUS0020597
CUS0020598,160,CUS0020598
CUS0020608,69,CUS0020608
CUS0020615,160,CUS0020615
CUS0020618,85,CUS0020618
CUS0020627,85,CUS0020627
CUS0020631,160,CUS0020631
CUS0020637,235,CUS0020637
CUS0020643,85,CUS0020643
CUS0020648,85,CUS0020648
CUS0020698,85,CUS0020698
CUS0020700,85,CUS0020700
CUS0020705,160,CUS0020705
CUS0020719,85,CUS0020719
CUS0020723,160,CUS0020723
CUS0020732,85,CUS0020732
CUS0020740,160,CUS0020740
CUS0020764,85,CUS0020764
CUS0020767,85,CUS0020767
CUS0020771,85,CUS0020771
CUS0020777,85,CUS0020777
CUS0020778,85,CUS0020778
CUS0020781,69,CUS0020781
CUS0020791,85,CUS0020791
CUS0020792,85,CUS0020792
CUS0020807,160,CUS0020807
CUS0020810,85,CUS0020810
CUS0020813,85,CUS0020813
CUS0020814,160,CUS0020814
CUS0020818,85,CUS0020818
CUS0020819,85,CUS0020819
CUS0020828,85,CUS0020828
CUS0020829,85,CUS0020829
CUS0020832,160,CUS0020832
CUS0020834,85,CUS0020834
CUS0020836,85,CUS0020836
CUS0020845,160,CUS0020845
CUS0020847,85,CUS0020847
CUS0020848,85,CUS0020848
CUS0020850,85,CUS0020850
CUS0020872,85,CUS0020872
CUS0020879,160,CUS0020879
CUS0020882,85,CUS0020882
CUS0020887,160,CUS0020887
CUS0020905,85,CUS0020905
CUS0020908,85,CUS0020908
CUS0020909,85,CUS0020909
CUS0020928,160,CUS0020928
CUS0020937,85,CUS0020937
CUS0020950,85,CUS0020950
CUS0020959,85,CUS0020959
CUS0020962,85,CUS0020962
CUS0020968,85,CUS0020968
CUS0020973,85,CUS0020973
CUS0020985,160,CUS0020985
CUS0020987,85,CUS0020987
CUS0021024,85,CUS0021024
CUS0021027,85,CUS0021027
CUS0021029,85,CUS0021029
CUS0021038,85,CUS0021038
CUS0021040,85,CUS0021040
CUS0021041,85,CUS0021041
CUS0021049,85,CUS0021049
CUS0021050,85,CUS0021050
CUS0021057,85,CUS0021057
CUS0021059,85,CUS0021059
CUS0021066,235,CUS0021066
CUS0021082,85,CUS0021082
CUS0021091,85,CUS0021091
CUS0021096,160,CUS0021096
CUS0021117,85,CUS0021117
CUS0021136,85,CUS0021136
CUS0021161,160,CUS0021161
CUS0021165,160,CUS0021165
CUS0021171,85,CUS0021171
CUS0021197,85,CUS0021197
CUS0021198,85,CUS0021198
CUS0021208,160,CUS0021208
CUS0021229,160,CUS0021229
CUS0021233,85,CUS0021233
CUS0021235,85,CUS0021235
CUS0021259,85,CUS0021259
CUS0021284,85,CUS0021284
CUS0021285,85,CUS0021285
CUS0021290,85,CUS0021290
CUS0021307,85,CUS0021307
CUS0021327,85,CUS0021327
CUS0021331,160,CUS0021331
CUS0021361,160,CUS0021361
CUS0021394,85,CUS0021394
CUS0021395,85,CUS0021395
CUS0021399,235,CUS0021399
CUS0021444,85,CUS0021444
CUS0021447,85,CUS0021447
CUS0021451,85,CUS0021451
CUS0021496,85,CUS0021496
CUS0021529,160,CUS0021529
CUS0021533,85,CUS0021533
CUS0021541,85,CUS0021541
CUS0021555,160,CUS0021555
CUS0021560,85,CUS0021560
CUS0021563,85,CUS0021563
CUS0021571,85,CUS0021571
CUS0021581,150,CUS0021581
CUS0021631,85,CUS0021631
CUS0021658,160,CUS0021658
CUS0021668,160,CUS0021668
CUS0021670,69,CUS0021670
CUS0021700,85,CUS0021700
CUS0021717,85,CUS0021717
CUS0021730,85,CUS0021730
CUS0021768,85,CUS0021768
CUS0021775,85,CUS0021775
CUS0021777,85,CUS0021777
CUS0021779,85,CUS0021779
CUS0021788,160,CUS0021788
CUS0021799,160,CUS0021799
CUS0021801,85,CUS0021801
CUS0021807,85,CUS0021807
CUS0021817,160,CUS0021817
CUS0021820,85,CUS0021820
CUS0021828,85,CUS0021828
CUS0021866,85,CUS0021866
CUS0021880,85,CUS0021880
CUS0021883,75,CUS0021883
CUS0021887,85,CUS0021887
CUS0021897,85,CUS0021897
CUS0021906,85,CUS0021906
CUS0021928,85,CUS0021928
CUS0021929,75,CUS0021929
CUS0021930,85,CUS0021930
CUS0021945,75,CUS0021945
CUS0021953,85,CUS0021953
CUS0021957,160,CUS0021957
CUS0021960,160,CUS0021960
CUS0021989,160,CUS0021989
CUS0022003,85,CUS0022003
CUS0022017,160,CUS0022017
CUS0022019,85,CUS0022019
CUS0022029,85,CUS0022029
CUS0022032,85,CUS0022032
CUS0022034,85,CUS0022034
CUS0022042,75,CUS0022042
CUS0022061,85,CUS0022061
CUS0022080,85,CUS0022080
CUS0022082,85,CUS0022082
CUS0022119,85,CUS0022119
CUS0022121,85,CUS0022121
CUS0022122,160,CUS0022122
CUS0022124,160,CUS0022124
CUS0022131,160,CUS0022131
CUS0022135,85,CUS0022135
CUS0022152,85,CUS0022152
CUS0022160,69,CUS0022160
CUS0022172,85,CUS0022172
CUS0022173,85,CUS0022173
CUS0022217,85,CUS0022217
CUS0022273,75,CUS0022273
CUS0022276,85,CUS0022276
CUS0022286,85,CUS0022286
CUS0022293,75,CUS0022293
CUS0022323,160,CUS0022323
CUS0022341,85,CUS0022341
CUS0022385,85,CUS0022385
CUS0022403,85,CUS0022403
CUS0022409,85,CUS0022409
CUS0022446,160,CUS0022446
CUS0022448,85,CUS0022448
CUS0022467,235,CUS0022467
CUS0022478,85,CUS0022478
CUS0022501,85,CUS0022501
CUS0022503,85,CUS0022503
CUS0022506,85,CUS0022506
CUS0022510,160,CUS0022510
CUS0022518,160,CUS0022518
CUS0022534,160,CUS0022534
CUS0022535,85,CUS0022535
CUS0022536,85,CUS0022536
CUS0022550,85,CUS0022550
CUS0022551,85,CUS0022551
CUS0022554,85,CUS0022554
CUS0022570,75,CUS0022570
CUS0022575,85,CUS0022575
CUS0022578,85,CUS0022578
CUS0022586,85,CUS0022586
CUS0022588,85,CUS0022588
CUS0022593,85,CUS0022593
CUS0022594,85,CUS0022594
CUS0022605,85,CUS0022605
CUS0022606,85,CUS0022606
CUS0022610,85,CUS0022610
CUS0022619,85,CUS0022619
CUS0022633,85,CUS0022633
CUS0022642,85,CUS0022642
CUS0022660,85,CUS0022660
CUS0022670,160,CUS0022670
CUS0022714,85,CUS0022714
CUS0022723,85,CUS0022723
CUS0022726,85,CUS0022726
CUS0022736,85,CUS0022736
CUS0022740,85,CUS0022740
CUS0022775,85,CUS0022775
CUS0022780,160,CUS0022780
CUS0022796,85,CUS0022796
CUS0022799,85,CUS0022799
CUS0022801,85,CUS0022801
CUS0022814,160,CUS0022814
CUS0022818,85,CUS0022818
CUS0022819,85,CUS0022819
CUS0022823,85,CUS0022823
CUS0022829,160,CUS0022829
CUS0022886,160,CUS0022886
CUS0022892,85,CUS0022892
CUS0022896,69,CUS0022896
CUS0022898,85,CUS0022898
CUS0022899,85,CUS0022899
CUS0022930,85,CUS0022930
CUS0022936,85,CUS0022936
CUS0022950,160,CUS0022950
CUS0022952,85,CUS0022952
CUS0022962,160,CUS0022962
CUS0022970,85,CUS0022970
CUS0022975,85,CUS0022975
CUS0022985,160,CUS0022985
CUS0022987,85,CUS0022987
CUS0023003,160,CUS0023003
CUS0023005,85,CUS0023005
CUS0023010,85,CUS0023010
CUS0023013,85,CUS0023013
CUS0023019,85,CUS0023019
CUS0023030,85,CUS0023030
CUS0023082,85,CUS0023082
CUS0023084,85,CUS0023084
CUS0023087,85,CUS0023087
CUS0023089,85,CUS0023089
CUS0023092,85,CUS0023092
CUS0023115,85,CUS0023115
CUS0023124,75,CUS0023124
CUS0023144,85,CUS0023144
CUS0023151,138,CUS0023151
CUS0023199,85,CUS0023199
CUS0023208,85,CUS0023208
CUS0023216,85,CUS0023216
CUS0023241,85,CUS0023241
CUS0023259,85,CUS0023259
CUS0023272,85,CUS0023272
CUS0023276,160,CUS0023276
CUS0023285,85,CUS0023285
CUS0023295,85,CUS0023295
CUS0023440,75,CUS0023440
CUS0023473,160,CUS0023473
CUS0023482,75,CUS0023482
CUS0023502,75,CUS0023502
CUS0023520,85,CUS0023520
CUS0023521,160,CUS0023521
CUS0023556,75,CUS0023556
CUS0023564,85,CUS0023564
CUS0023568,85,CUS0023568
CUS0023574,85,CUS0023574
CUS0023623,85,CUS0023623
CUS0023663,85,CUS0023663
CUS0023669,85,CUS0023669
CUS0023704,85,CUS0023704
CUS0023716,85,CUS0023716
CUS0023719,85,CUS0023719
CUS0023722,75,CUS0023722
CUS0023752,75,CUS0023752
CUS0023819,85,CUS0023819
CUS0023826,75,CUS0023826
CUS0023837,85,CUS0023837
CUS0023871,85,CUS0023871
CUS0023877,160,CUS0023877
CUS0023891,85,CUS0023891
CUS0023897,85,CUS0023897
CUS0023901,85,CUS0023901
CUS0023914,85,CUS0023914
CUS0023920,160,CUS0023920
CUS0023948,85,CUS0023948
CUS0023953,85,CUS0023953
CUS0023970,85,CUS0023970
CUS0023973,85,CUS0023973
CUS0023977,85,CUS0023977
CUS0023978,85,CUS0023978
CUS0023979,160,CUS0023979
CUS0023982,85,CUS0023982
CUS0023998,85,CUS0023998
CUS0023999,85,CUS0023999
CUS0024011,160,CUS0024011
CUS0024017,85,CUS0024017
CUS0024022,85,CUS0024022
CUS0024040,85,CUS0024040
CUS0024049,85,CUS0024049
CUS0024053,160,CUS0024053
CUS0024056,85,CUS0024056
CUS0024074,85,CUS0024074
CUS0024078,85,CUS0024078
CUS0024093,85,CUS0024093
CUS0024094,85,CUS0024094
CUS0024099,160,CUS0024099
CUS0024100,85,CUS0024100
CUS0024101,85,CUS0024101
CUS0024103,85,CUS0024103
CUS0024129,85,CUS0024129
CUS0024130,85,CUS0024130
CUS0024186,160,CUS0024186
CUS0024203,85,CUS0024203
CUS0024229,75,CUS0024229
CUS0024242,85,CUS0024242
CUS0024256,85,CUS0024256
CUS0024258,85,CUS0024258
CUS0024277,160,CUS0024277
CUS0024278,160,CUS0024278
CUS0024281,160,CUS0024281
CUS0024329,160,CUS0024329
CUS0024364,235,CUS0024364
CUS0024390,85,CUS0024390
CUS0024395,85,CUS0024395
CUS0024396,85,CUS0024396
CUS0024405,85,CUS0024405
CUS0024428,85,CUS0024428
CUS0024463,85,CUS0024463
CUS0024464,85,CUS0024464
CUS0024481,85,CUS0024481
CUS0024485,235,CUS0024485
CUS0024493,75,CUS0024493
CUS0024511,170,CUS0024511
CUS0024518,160,CUS0024518
CUS0024523,160,CUS0024523
CUS0024533,160,CUS0024533
CUS0024564,85,CUS0024564
CUS0024572,85,CUS0024572
CUS0024574,85,CUS0024574
CUS0024575,85,CUS0024575
CUS0024612,85,CUS0024612
CUS0024621,85,CUS0024621
CUS0024643,85,CUS0024643
CUS0024646,160,CUS0024646
CUS0024676,160,CUS0024676
CUS0024712,85,CUS0024712
CUS0024715,160,CUS0024715
CUS0024718,85,CUS0024718
CUS0024719,85,CUS0024719
CUS0024744,160,CUS0024744
CUS0024748,160,CUS0024748
CUS0024754,85,CUS0024754
CUS0024755,85,CUS0024755
CUS0024764,85,CUS0024764
CUS0024797,85,CUS0024797
CUS0024808,235,CUS0024808
CUS0024812,85,CUS0024812
CUS0024829,150,CUS0024829
CUS0024833,85,CUS0024833
CUS0024849,85,CUS0024849
CUS0024853,85,CUS0024853
CUS0024864,85,CUS0024864
CUS0024869,85,CUS0024869
CUS0024874,85,CUS0024874
CUS0024882,320,CUS0024882
CUS0024908,235,CUS0024908
CUS0024939,85,CUS0024939
CUS0024961,85,CUS0024961
CUS0024974,85,CUS0024974
CUS0024995,85,CUS0024995
CUS0024997,85,CUS0024997
CUS0025016,85,CUS0025016
CUS0025029,85,CUS0025029
CUS0025039,85,CUS0025039
CUS0025048,85,CUS0025048
CUS0025059,85,CUS0025059
CUS0025065,85,CUS0025065
CUS0025086,85,CUS0025086
CUS0025087,150,CUS0025087
CUS0025095,85,CUS0025095
CUS0025104,69,CUS0025104
CUS0025113,85,CUS0025113
CUS0025114,85,CUS0025114
CUS0025133,160,CUS0025133
CUS0025151,75,CUS0025151
CUS0025160,85,CUS0025160
CUS0025171,75,CUS0025171
CUS0025177,85,CUS0025177
CUS0025205,85,CUS0025205
CUS0025217,85,CUS0025217
CUS0025218,85,CUS0025218
CUS0025242,160,CUS0025242
CUS0025244,160,CUS0025244
CUS0025270,235,CUS0025270
CUS0025281,85,CUS0025281
CUS0025307,85,CUS0025307
CUS0025352,85,CUS0025352
CUS0025370,75,CUS0025370
CUS0025375,160,CUS0025375
CUS0025382,85,CUS0025382
CUS0025388,160,CUS0025388
CUS0025405,85,CUS0025405
CUS0025442,85,CUS0025442
CUS0025445,85,CUS0025445
CUS0025447,85,CUS0025447
CUS0025452,85,CUS0025452
CUS0025485,85,CUS0025485
CUS0025496,85,CUS0025496
CUS0025596,160,CUS0025596
CUS0025611,85,CUS0025611
CUS0025624,85,CUS0025624
CUS0025646,85,CUS0025646
CUS0025672,85,CUS0025672
CUS0025674,75,CUS0025674
CUS0025772,85,CUS0025772
CUS0025777,85,CUS0025777
CUS0025828,85,CUS0025828
CUS0025850,85,CUS0025850
CUS0025873,85,CUS0025873
CUS0025889,85,CUS0025889
CUS0025890,85,CUS0025890
CUS0025929,85,CUS0025929
CUS0025936,85,CUS0025936
CUS0025964,75,CUS0025964
CUS0025995,85,CUS0025995
CUS0026006,85,CUS0026006
CUS0026014,85,CUS0026014
CUS0026023,310,CUS0026023
CUS0026034,160,CUS0026034
CUS0026041,85,CUS0026041
CUS0026062,85,CUS0026062
CUS0026064,85,CUS0026064
CUS0026087,85,CUS0026087
CUS0026096,170,CUS0026096
CUS0026141,160,CUS0026141
CUS0026157,235,CUS0026157
CUS0026187,85,CUS0026187
CUS0026211,85,CUS0026211
CUS0026236,85,CUS0026236
CUS0026253,85,CUS0026253
CUS0026257,235,CUS0026257
CUS0026261,160,CUS0026261
CUS0026288,85,CUS0026288
CUS0026297,85,CUS0026297
CUS0026304,85,CUS0026304
CUS0026305,85,CUS0026305
CUS0026307,85,CUS0026307
CUS0026310,160,CUS0026310
CUS0026318,160,CUS0026318
CUS0026325,170,CUS0026325
CUS0026340,85,CUS0026340
CUS0026341,85,CUS0026341
CUS0026342,85,CUS0026342
CUS0026367,160,CUS0026367
CUS0026370,85,CUS0026370
CUS0026378,85,CUS0026378
CUS0026382,85,CUS0026382
CUS0026388,85,CUS0026388
CUS0026389,85,CUS0026389
CUS0026427,85,CUS0026427
CUS0026475,85,CUS0026475
CUS0026478,85,CUS0026478
CUS0026496,160,CUS0026496
CUS0026502,85,CUS0026502
CUS0026504,85,CUS0026504
CUS0026512,160,CUS0026512
CUS0026516,75,CUS0026516
CUS0026534,160,CUS0026534
CUS0026537,160,CUS0026537
CUS0026544,160,CUS0026544
CUS0026551,85,CUS0026551
CUS0026582,85,CUS0026582
CUS0026604,85,CUS0026604
CUS0026611,85,CUS0026611
CUS0026628,85,CUS0026628
CUS0026647,85,CUS0026647
CUS0026662,85,CUS0026662
CUS0026701,245,CUS0026701
CUS0026730,225,CUS0026730
CUS0026741,85,CUS0026741
CUS0026770,85,CUS0026770
CUS0026772,85,CUS0026772
CUS0026779,85,CUS0026779
CUS0026798,160,CUS0026798
CUS0026805,160,CUS0026805
CUS0026807,85,CUS0026807
CUS0026810,160,CUS0026810
CUS0026838,160,CUS0026838
CUS0026839,85,CUS0026839
CUS0026842,85,CUS0026842
CUS0026843,85,CUS0026843
CUS0026844,85,CUS0026844
CUS0026853,160,CUS0026853
CUS0026906,85,CUS0026906
CUS0026931,85,CUS0026931
CUS0026943,85,CUS0026943
CUS0026947,85,CUS0026947
CUS0026961,85,CUS0026961
CUS0026962,160,CUS0026962
CUS0027071,85,CUS0027071
CUS0027084,75,CUS0027084
CUS0027098,75,CUS0027098
CUS0027112,85,CUS0027112
CUS0027158,85,CUS0027158
CUS0027163,160,CUS0027163
CUS0027184,85,CUS0027184
CUS0027188,150,CUS0027188
CUS0027221,85,CUS0027221
CUS0027227,85,CUS0027227
CUS0027246,69,CUS0027246
CUS0027257,85,CUS0027257
CUS0027273,235,CUS0027273
CUS0027278,85,CUS0027278
CUS0027290,85,CUS0027290
CUS0027308,85,CUS0027308
CUS0027402,85,CUS0027402
CUS0027431,85,CUS0027431
CUS0027445,160,CUS0027445
CUS0027473,85,CUS0027473
CUS0027515,85,CUS0027515
CUS0027547,85,CUS0027547
CUS0027654,85,CUS0027654
CUS0027655,85,CUS0027655
CUS0027696,85,CUS0027696
CUS0027697,150,CUS0027697
CUS0027698,85,CUS0027698
CUS0027702,160,CUS0027702
CUS0027723,85,CUS0027723
CUS0027737,160,CUS0027737
CUS0027763,235,CUS0027763
CUS0027785,235,CUS0027785
CUS0027827,85,CUS0027827
CUS0027915,138,CUS0027915
CUS0027961,85,CUS0027961
CUS0027990,69,CUS0027990
CUS0028027,160,CUS0028027
CUS0028032,85,CUS0028032
CUS0028046,85,CUS0028046
CUS0028066,160,CUS0028066
CUS0028080,85,CUS0028080
CUS0028089,85,CUS0028089
CUS0028135,85,CUS0028135
CUS0028191,85,CUS0028191
CUS0028212,85,CUS0028212
CUS0028233,85,CUS0028233
CUS0028254,85,CUS0028254
CUS0028264,85,CUS0028264
CUS0028265,75,CUS0028265
CUS0028268,160,CUS0028268
CUS0028280,160,CUS0028280
CUS0028304,85,CUS0028304
CUS0028314,85,CUS0028314
CUS0028343,160,CUS0028343
CUS0028367,160,CUS0028367
CUS0028387,85,CUS0028387
CUS0028417,85,CUS0028417
CUS0028418,160,CUS0028418
CUS0028426,85,CUS0028426
CUS0028444,85,CUS0028444
CUS0028482,85,CUS0028482
CUS0028484,85,CUS0028484
CUS0028485,85,CUS0028485
CUS0028544,160,CUS0028544
CUS0028591,85,CUS0028591
CUS0028592,85,CUS0028592
CUS0028612,85,CUS0028612
CUS0028633,160,CUS0028633
CUS0028642,160,CUS0028642
CUS0028649,75,CUS0028649
CUS0028669,160,CUS0028669
CUS0028676,85,CUS0028676
CUS0028731,85,CUS0028731
CUS0028742,85,CUS0028742
CUS0028767,85,CUS0028767
CUS0028812,75,CUS0028812
CUS0028886,75,CUS0028886
CUS0028968,85,CUS0028968
CUS0028971,85,CUS0028971
CUS0028984,85,CUS0028984
CUS0029000,85,CUS0029000
CUS0029003,85,CUS0029003
CUS0029035,85,CUS0029035
CUS0029058,85,CUS0029058
CUS0029061,85,CUS0029061
CUS0029075,160,CUS0029075
CUS0029077,85,CUS0029077
CUS0029090,85,CUS0029090
CUS0029092,85,CUS0029092
CUS0029196,85,CUS0029196
CUS0029221,85,CUS0029221
CUS0029261,85,CUS0029261
CUS0029274,160,CUS0029274
CUS0029290,85,CUS0029290
CUS0029306,85,CUS0029306
CUS0029338,85,CUS0029338
CUS0029365,85,CUS0029365
CUS0029377,85,CUS0029377
CUS0029383,85,CUS0029383
CUS0029404,85,CUS0029404
CUS0029416,85,CUS0029416
CUS0029452,85,CUS0029452
CUS0029463,85,CUS0029463
CUS0029466,85,CUS0029466
CUS0029481,310,CUS0029481
CUS0029505,160,CUS0029505
CUS0030000,160,CUS0030000
CUS0030011,85,CUS0030011
CUS0030017,85,CUS0030017
CUS0030021,170,CUS0030021
CUS0030059,85,CUS0030059
CUS0030060,85,CUS0030060
CUS0030063,85,CUS0030063
CUS0030065,85,CUS0030065
CUS0030074,85,CUS0030074
CUS0030075,160,CUS0030075
CUS0030076,85,CUS0030076
CUS0030097,85,CUS0030097
CUS0030104,85,CUS0030104
CUS0030106,85,CUS0030106
CUS0030119,85,CUS0030119
CUS0030122,310,CUS0030122
CUS0030132,75,CUS0030132
CUS0030139,85,CUS0030139
CUS0030143,85,CUS0030143
CUS0030157,85,CUS0030157
CUS0030158,85,CUS0030158
CUS0030164,85,CUS0030164
CUS0030169,85,CUS0030169
CUS0030173,85,CUS0030173
CUS0030181,85,CUS0030181
CUS0030188,85,CUS0030188
CUS0030191,160,CUS0030191
CUS0030196,85,CUS0030196
CUS0030203,85,CUS0030203
CUS0030247,85,CUS0030247
CUS0030256,85,CUS0030256
CUS0030278,85,CUS0030278
CUS0030283,85,CUS0030283
CUS0030296,245,CUS0030296
CUS0030303,85,CUS0030303
CUS0030312,160,CUS0030312
CUS0030338,85,CUS0030338
CUS0030351,85,CUS0030351
CUS0030357,85,CUS0030357
CUS0030371,85,CUS0030371
CUS0030372,85,CUS0030372
CUS0030380,85,CUS0030380
CUS0030425,85,CUS0030425
CUS0030430,85,CUS0030430
CUS0030441,85,CUS0030441
CUS0030454,160,CUS0030454
CUS0030465,69,CUS0030465
CUS0030492,85,CUS0030492
CUS0030497,85,CUS0030497
CUS0030527,85,CUS0030527
CUS0030530,85,CUS0030530
CUS0030531,85,CUS0030531
CUS0030532,85,CUS0030532
CUS0030536,85,CUS0030536
CUS0030540,85,CUS0030540
CUS0030551,85,CUS0030551
CUS0030554,160,CUS0030554
CUS0030562,85,CUS0030562
CUS0030575,85,CUS0030575
CUS0030590,85,CUS0030590
CUS0030591,85,CUS0030591
CUS0030592,85,CUS0030592
CUS0030604,85,CUS0030604
CUS0030612,160,CUS0030612
CUS0030627,85,CUS0030627
CUS0030663,235,CUS0030663
CUS0030668,85,CUS0030668
CUS0030673,85,CUS0030673
CUS0030709,160,CUS0030709
CUS0030711,160,CUS0030711
CUS0030742,85,CUS0030742
CUS0030764,85,CUS0030764
CUS0030768,85,CUS0030768
CUS0030778,160,CUS0030778
CUS0030781,85,CUS0030781
CUS0030801,85,CUS0030801
CUS0030806,85,CUS0030806
CUS0030824,160,CUS0030824
CUS0030828,75,CUS0030828
CUS0030852,160,CUS0030852
CUS0030883,160,CUS0030883
CUS0030887,85,CUS0030887
CUS0030938,160,CUS0030938
CUS0030954,85,CUS0030954
CUS0030956,85,CUS0030956
CUS0030966,85,CUS0030966
CUS0030969,85,CUS0030969
CUS0030974,85,CUS0030974
CUS0030978,85,CUS0030978
CUS0030979,85,CUS0030979
CUS0030989,160,CUS0030989
CUS0030999,160,CUS0030999
CUS0031001,160,CUS0031001
CUS0031021,85,CUS0031021
CUS0031046,85,CUS0031046
CUS0031047,75,CUS0031047
CUS0031091,85,CUS0031091
CUS0031093,85,CUS0031093
CUS0031096,85,CUS0031096
CUS0031115,85,CUS0031115
CUS0031119,85,CUS0031119
CUS0031125,235,CUS0031125
CUS0031131,160,CUS0031131
CUS0031168,85,CUS0031168
CUS0031184,85,CUS0031184
CUS0031189,85,CUS0031189
CUS0031200,85,CUS0031200
CUS0031212,160,CUS0031212
CUS0031222,85,CUS0031222
CUS0031228,85,CUS0031228
CUS0031229,85,CUS0031229
CUS0031239,160,CUS0031239
CUS0031242,85,CUS0031242
CUS0031257,85,CUS0031257
CUS0031258,85,CUS0031258
CUS0031263,85,CUS0031263
CUS0031268,85,CUS0031268
CUS0031269,85,CUS0031269
CUS0031279,85,CUS0031279
CUS0031301,85,CUS0031301
CUS0031326,85,CUS0031326
CUS0031351,160,CUS0031351
CUS0031360,85,CUS0031360
CUS0031366,85,CUS0031366
CUS0031371,160,CUS0031371
CUS0031382,69,CUS0031382
CUS0031385,69,CUS0031385
CUS0031387,85,CUS0031387
CUS0031409,85,CUS0031409
CUS0031427,160,CUS0031427
CUS0031437,85,CUS0031437
CUS0031446,160,CUS0031446
CUS0031460,85,CUS0031460
CUS0031479,85,CUS0031479
CUS0031485,85,CUS0031485
CUS0031494,85,CUS0031494
CUS0031502,85,CUS0031502
CUS0031519,85,CUS0031519
CUS0031524,85,CUS0031524
CUS0031531,85,CUS0031531
CUS0031547,85,CUS0031547
CUS0031549,85,CUS0031549
CUS0031558,85,CUS0031558
CUS0031562,235,CUS0031562
CUS0031595,85,CUS0031595
CUS0031599,85,CUS0031599
CUS0031610,85,CUS0031610
CUS0031638,85,CUS0031638
CUS0031655,85,CUS0031655
CUS0031667,85,CUS0031667
CUS0031696,170,CUS0031696
CUS0031737,85,CUS0031737
CUS0031739,85,CUS0031739
CUS0031756,85,CUS0031756
CUS0031761,85,CUS0031761
CUS0031771,85,CUS0031771
CUS0031774,85,CUS0031774
CUS0031776,85,CUS0031776
CUS0031780,85,CUS0031780
CUS0031788,85,CUS0031788
CUS0031803,160,CUS0031803
CUS0031807,85,CUS0031807
CUS0031813,85,CUS0031813
CUS0031821,85,CUS0031821
CUS0031828,75,CUS0031828
CUS0031836,85,CUS0031836
CUS0031842,85,CUS0031842
CUS0031873,235,CUS0031873
CUS0031877,85,CUS0031877
CUS0031878,85,CUS0031878
CUS0031879,85,CUS0031879
CUS0031880,85,CUS0031880
CUS0031893,85,CUS0031893
CUS0031896,85,CUS0031896
CUS0031897,85,CUS0031897
CUS0031899,85,CUS0031899
CUS0031909,85,CUS0031909
CUS0031910,85,CUS0031910
CUS0031911,85,CUS0031911
CUS0031917,85,CUS0031917
CUS0031921,85,CUS0031921
CUS0031942,85,CUS0031942
CUS0031943,85,CUS0031943
CUS0031944,85,CUS0031944
CUS0031951,85,CUS0031951
CUS0031952,85,CUS0031952
CUS0031953,85,CUS0031953
CUS0031954,85,CUS0031954
CUS0031958,85,CUS0031958
CUS0031959,85,CUS0031959
CUS0031969,85,CUS0031969
CUS0031970,85,CUS0031970
CUS0031974,85,CUS0031974
CUS0031983,85,CUS0031983
CUS0031984,85,CUS0031984
CUS0031985,85,CUS0031985
CUS0031996,235,CUS0031996
CUS0031999,160,CUS0031999
CUS0032003,85,CUS0032003
CUS0032004,160,CUS0032004
CUS0032007,85,CUS0032007
CUS0032012,85,CUS0032012
CUS0032017,85,CUS0032017
CUS0032020,85,CUS0032020
CUS0032027,160,CUS0032027
CUS0032035,85,CUS0032035
CUS0032044,85,CUS0032044
CUS0032047,85,CUS0032047
CUS0032096,85,CUS0032096
CUS0032097,85,CUS0032097
CUS0032121,160,CUS0032121
CUS0032135,85,CUS0032135
CUS0032159,85,CUS0032159
CUS0032179,85,CUS0032179
CUS0032180,85,CUS0032180
CUS0032186,85,CUS0032186
CUS0032205,85,CUS0032205
CUS0032208,144,CUS0032208
CUS0032233,69,CUS0032233
CUS0032258,85,CUS0032258
CUS0032259,85,CUS0032259
CUS0032260,85,CUS0032260
CUS0032265,85,CUS0032265
CUS0032268,85,CUS0032268
CUS0032271,85,CUS0032271
CUS0032290,85,CUS0032290
CUS0032298,85,CUS0032298
CUS0032310,85,CUS0032310
CUS0032331,85,CUS0032331
CUS0032336,85,CUS0032336
CUS0032337,85,CUS0032337
CUS0032350,160,CUS0032350
CUS0032354,160,CUS0032354
CUS0032397,85,CUS0032397
CUS0032404,160,CUS0032404
CUS0032424,85,CUS0032424
CUS0032429,85,CUS0032429
CUS0032435,85,CUS0032435
CUS0032437,85,CUS0032437
CUS0032454,160,CUS0032454
CUS0032455,85,CUS0032455
CUS0032460,245,CUS0032460
CUS0032479,85,CUS0032479
CUS0032491,85,CUS0032491
CUS0032496,85,CUS0032496
CUS0032499,85,CUS0032499
CUS0032503,85,CUS0032503
CUS0032506,85,CUS0032506
CUS0032510,160,CUS0032510
CUS0032517,85,CUS0032517
CUS0032518,85,CUS0032518
CUS0032525,85,CUS0032525
CUS0032530,85,CUS0032530
CUS0032532,85,CUS0032532
CUS0032533,85,CUS0032533
CUS0032551,85,CUS0032551
CUS0032555,85,CUS0032555
CUS0032558,235,CUS0032558
CUS0032562,85,CUS0032562
CUS0032587,160,CUS0032587
CUS0032591,85,CUS0032591
CUS0032620,160,CUS0032620
CUS0032626,85,CUS0032626
CUS0032629,85,CUS0032629
CUS0032635,160,CUS0032635
CUS0032650,310,CUS0032650
CUS0032658,85,CUS0032658
CUS0032666,85,CUS0032666
CUS0032671,75,CUS0032671
CUS0032679,85,CUS0032679
CUS0032688,160,CUS0032688
CUS0032694,160,CUS0032694
CUS0032707,160,CUS0032707
CUS0032748,85,CUS0032748
CUS0032756,85,CUS0032756
CUS0032806,85,CUS0032806
CUS0032817,85,CUS0032817
CUS0032831,85,CUS0032831
CUS0032858,85,CUS0032858
CUS0032864,85,CUS0032864
CUS0032865,85,CUS0032865
CUS0032868,85,CUS0032868
CUS0032870,160,CUS0032870
CUS0032875,85,CUS0032875
CUS0032886,160,CUS0032886
CUS0032893,85,CUS0032893
CUS0032898,85,CUS0032898
CUS0032906,85,CUS0032906
CUS0032924,85,CUS0032924
CUS0032932,160,CUS0032932
CUS0032941,85,CUS0032941
CUS0032950,85,CUS0032950
CUS0032956,85,CUS0032956
CUS0032964,160,CUS0032964
CUS0032973,85,CUS0032973
CUS0033008,85,CUS0033008
CUS0033012,85,CUS0033012
CUS0033021,85,CUS0033021
CUS0033045,85,CUS0033045
CUS0033048,85,CUS0033048
CUS0033113,85,CUS0033113
CUS0033157,85,CUS0033157
CUS0033161,85,CUS0033161
CUS0033182,160,CUS0033182
CUS0033197,85,CUS0033197
CUS0033198,85,CUS0033198
CUS0033219,85,CUS0033219
CUS0033220,85,CUS0033220
CUS0033224,85,CUS0033224
CUS0033245,85,CUS0033245
CUS0033246,85,CUS0033246
CUS0033252,229,CUS0033252
CUS0033261,85,CUS0033261
CUS0033270,160,CUS0033270
CUS0033271,75,CUS0033271
CUS0033274,160,CUS0033274
CUS0033284,85,CUS0033284
CUS0033293,85,CUS0033293
CUS0033296,85,CUS0033296
CUS0033298,85,CUS0033298
CUS0033319,85,CUS0033319
CUS0033321,85,CUS0033321
CUS0033368,160,CUS0033368
CUS0033369,85,CUS0033369
CUS0033395,85,CUS0033395
CUS0033396,85,CUS0033396
CUS0033410,160,CUS0033410
CUS0033421,85,CUS0033421
CUS0033437,85,CUS0033437
CUS0033446,85,CUS0033446
CUS0033454,85,CUS0033454
CUS0033488,85,CUS0033488
CUS0033507,69,CUS0033507
CUS0033582,85,CUS0033582
CUS0033630,85,CUS0033630
CUS0033644,85,CUS0033644
CUS0033659,160,CUS0033659
CUS0033696,85,CUS0033696
CUS0033697,85,CUS0033697
CUS0033738,85,CUS0033738
CUS0033740,160,CUS0033740
CUS0033744,85,CUS0033744
CUS0033765,160,CUS0033765
CUS0033782,160,CUS0033782
CUS0033802,85,CUS0033802
CUS0033824,69,CUS0033824
CUS0033827,160,CUS0033827
CUS0033832,85,CUS0033832
CUS0033848,160,CUS0033848
CUS0033901,85,CUS0033901
CUS0033912,85,CUS0033912
CUS0033948,85,CUS0033948
CUS0033952,160,CUS0033952
CUS0033971,85,CUS0033971
CUS0033991,85,CUS0033991
CUS0034016,85,CUS0034016
CUS0034058,85,CUS0034058
CUS0034083,85,CUS0034083
CUS0034085,85,CUS0034085
CUS0034096,75,CUS0034096
CUS0034097,160,CUS0034097
CUS0034100,85,CUS0034100
CUS0034105,85,CUS0034105
CUS0034107,85,CUS0034107
CUS0034120,85,CUS0034120
CUS0034129,85,CUS0034129
CUS0034162,85,CUS0034162
CUS0034163,75,CUS0034163
CUS0034165,160,CUS0034165
CUS0034174,75,CUS0034174
CUS0034194,85,CUS0034194
CUS0034203,85,CUS0034203
CUS0034218,160,CUS0034218
CUS0034226,85,CUS0034226
CUS0034243,85,CUS0034243
CUS0034248,85,CUS0034248
CUS0034250,160,CUS0034250
CUS0034257,160,CUS0034257
CUS0034282,85,CUS0034282
CUS0034317,160,CUS0034317
CUS0034322,75,CUS0034322
CUS0034334,160,CUS0034334
CUS0034335,85,CUS0034335
CUS0034355,160,CUS0034355
CUS0034365,85,CUS0034365
CUS0034383,85,CUS0034383
CUS0034392,69,CUS0034392
CUS0034399,85,CUS0034399
CUS0034551,85,CUS0034551
CUS0034552,160,CUS0034552
CUS0034563,85,CUS0034563
CUS0034582,235,CUS0034582
CUS0034597,160,CUS0034597
CUS0034607,85,CUS0034607
CUS0034609,160,CUS0034609
CUS0034622,160,CUS0034622
CUS0034631,85,CUS0034631
CUS0034632,85,CUS0034632
CUS0034638,69,CUS0034638
CUS0034653,85,CUS0034653
CUS0034664,85,CUS0034664
CUS0034676,85,CUS0034676
CUS0034680,85,CUS0034680
CUS0034696,85,CUS0034696
CUS0034698,85,CUS0034698
CUS0034707,160,CUS0034707
CUS0034708,85,CUS0034708
CUS0034722,160,CUS0034722
CUS0034791,85,CUS0034791
CUS0034823,85,CUS0034823
CUS0034828,85,CUS0034828
CUS0034859,160,CUS0034859
CUS0034862,160,CUS0034862
CUS0034878,160,CUS0034878
CUS0034890,85,CUS0034890
CUS0034892,85,CUS0034892
CUS0034893,85,CUS0034893
CUS0034899,160,CUS0034899
CUS0034905,160,CUS0034905
CUS0034906,85,CUS0034906
CUS0034915,85,CUS0034915
CUS0034932,85,CUS0034932
CUS0034933,85,CUS0034933
CUS0034960,85,CUS0034960
CUS0034976,160,CUS0034976
CUS0034993,85,CUS0034993
CUS0035031,85,CUS0035031
CUS0035032,160,CUS0035032
CUS0035036,85,CUS0035036
CUS0035042,385,CUS0035042
CUS0035048,85,CUS0035048
CUS0035057,160,CUS0035057
CUS0035088,85,CUS0035088
CUS0035092,85,CUS0035092
CUS0035097,160,CUS0035097
CUS0035137,85,CUS0035137
CUS0035146,310,CUS0035146
CUS0035155,85,CUS0035155
CUS0035169,85,CUS0035169
CUS0035178,160,CUS0035178
CUS0035190,85,CUS0035190
CUS0035194,85,CUS0035194
CUS0035197,85,CUS0035197
CUS0035202,160,CUS0035202
CUS0035206,85,CUS0035206
CUS0035208,170,CUS0035208
CUS0035209,85,CUS0035209
CUS0035214,85,CUS0035214
CUS0035256,85,CUS0035256
CUS0035266,85,CUS0035266
CUS0035278,85,CUS0035278
CUS0035285,160,CUS0035285
CUS0035304,85,CUS0035304
CUS0035314,85,CUS0035314
CUS0035326,75,CUS0035326
CUS0035333,85,CUS0035333
CUS0035337,85,CUS0035337
CUS0035348,75,CUS0035348
CUS0035386,85,CUS0035386
CUS0035390,85,CUS0035390
CUS0035393,85,CUS0035393
CUS0035395,235,CUS0035395
CUS0035401,85,CUS0035401
CUS0035412,85,CUS0035412
CUS0035415,85,CUS0035415
CUS0035424,85,CUS0035424
CUS0035434,85,CUS0035434
CUS0035441,85,CUS0035441
CUS0035446,85,CUS0035446
CUS0035452,85,CUS0035452
CUS0035471,160,CUS0035471
CUS0035488,85,CUS0035488
CUS0035491,160,CUS0035491
CUS0035520,85,CUS0035520
CUS0035535,85,CUS0035535
CUS0035547,85,CUS0035547
CUS0035552,85,CUS0035552
CUS0035554,310,CUS0035554
CUS0035571,85,CUS0035571
CUS0035572,85,CUS0035572
CUS0035580,85,CUS0035580
CUS0035581,85,CUS0035581
CUS0035601,160,CUS0035601
CUS0035612,160,CUS0035612
CUS0035613,85,CUS0035613
CUS0035638,160,CUS0035638
CUS0035640,235,CUS0035640
CUS0035642,85,CUS0035642
CUS0035662,85,CUS0035662
CUS0035684,69,CUS0035684
CUS0035685,85,CUS0035685
CUS0035686,85,CUS0035686
CUS0035714,160,CUS0035714
CUS0035716,85,CUS0035716
CUS0035732,85,CUS0035732
CUS0035740,85,CUS0035740
CUS0035741,85,CUS0035741
CUS0035758,85,CUS0035758
CUS0035760,85,CUS0035760
CUS0035773,85,CUS0035773
CUS0035792,85,CUS0035792
CUS0035813,85,CUS0035813
CUS0035814,85,CUS0035814
CUS0035829,85,CUS0035829
CUS0035831,85,CUS0035831
CUS0035832,160,CUS0035832
CUS0035845,85,CUS0035845
CUS0035848,85,CUS0035848
CUS0035852,85,CUS0035852
CUS0035861,160,CUS0035861
CUS0035882,85,CUS0035882
CUS0035887,85,CUS0035887
CUS0035903,160,CUS0035903
CUS0035906,85,CUS0035906
CUS0035928,85,CUS0035928
CUS0035932,85,CUS0035932
CUS0035937,85,CUS0035937
CUS0035942,85,CUS0035942
CUS0035946,160,CUS0035946
CUS0035958,85,CUS0035958
CUS0035962,310,CUS0035962
CUS0035963,85,CUS0035963
CUS0035975,85,CUS0035975
CUS0035984,160,CUS0035984
CUS0036005,85,CUS0036005
CUS0036008,160,CUS0036008
CUS0036009,85,CUS0036009
CUS0036013,85,CUS0036013
CUS0036015,85,CUS0036015
CUS0036054,85,CUS0036054
CUS0036061,85,CUS0036061
CUS0036075,160,CUS0036075
CUS0036079,160,CUS0036079
CUS0036081,85,CUS0036081
CUS0036137,160,CUS0036137
CUS0036147,160,CUS0036147
CUS0036160,85,CUS0036160
CUS0036167,160,CUS0036167
CUS0036168,160,CUS0036168
CUS0036169,85,CUS0036169
CUS0036178,85,CUS0036178
CUS0036217,85,CUS0036217
CUS0036245,85,CUS0036245
CUS0036247,85,CUS0036247
CUS0036292,85,CUS0036292
CUS0036294,85,CUS0036294
CUS0036296,235,CUS0036296
CUS0036297,160,CUS0036297
CUS0036303,85,CUS0036303
CUS0036315,85,CUS0036315
CUS0036328,85,CUS0036328
CUS0036334,85,CUS0036334
CUS0036346,85,CUS0036346
CUS0036355,85,CUS0036355
CUS0036365,85,CUS0036365
CUS0036369,85,CUS0036369
CUS0036410,85,CUS0036410
CUS0036430,85,CUS0036430
CUS0036433,85,CUS0036433
CUS0036439,85,CUS0036439
CUS0036442,85,CUS0036442
CUS0036473,160,CUS0036473
CUS0036475,160,CUS0036475
CUS0036482,85,CUS0036482
CUS0036483,85,CUS0036483
CUS0036500,85,CUS0036500
CUS0036509,160,CUS0036509
CUS0036529,85,CUS0036529
CUS0036535,160,CUS0036535
CUS0036538,85,CUS0036538
CUS0036550,150,CUS0036550
CUS0036562,75,CUS0036562
CUS0036567,85,CUS0036567
CUS0036579,85,CUS0036579
CUS0036606,85,CUS0036606
CUS0036625,85,CUS0036625
CUS0036631,85,CUS0036631
CUS0036656,85,CUS0036656
CUS0036678,85,CUS0036678
CUS0036679,85,CUS0036679
CUS0036682,160,CUS0036682
CUS0036686,85,CUS0036686
CUS0036688,85,CUS0036688
CUS0036706,85,CUS0036706
CUS0036721,85,CUS0036721
CUS0036779,85,CUS0036779
CUS0036797,85,CUS0036797
CUS0036805,85,CUS0036805
CUS0036807,85,CUS0036807
CUS0036820,85,CUS0036820
CUS0036825,160,CUS0036825
CUS0036826,85,CUS0036826
CUS0036865,85,CUS0036865
CUS0036866,85,CUS0036866
CUS0036867,85,CUS0036867
CUS0036868,85,CUS0036868
CUS0036873,85,CUS0036873
CUS0036885,85,CUS0036885
CUS0036891,160,CUS0036891
CUS0036892,160,CUS0036892
CUS0036894,85,CUS0036894
CUS0036908,85,CUS0036908
CUS0036912,85,CUS0036912
CUS0036921,160,CUS0036921
CUS0036940,85,CUS0036940
CUS0036962,85,CUS0036962
CUS0036963,85,CUS0036963
CUS0036969,85,CUS0036969
CUS0036975,85,CUS0036975
CUS0036990,85,CUS0036990
CUS0036991,85,CUS0036991
CUS0036996,85,CUS0036996
CUS0037002,85,CUS0037002
CUS0037006,85,CUS0037006
CUS0037016,85,CUS0037016
CUS0037017,85,CUS0037017
CUS0037026,85,CUS0037026
CUS0037031,85,CUS0037031
CUS0037032,85,CUS0037032
CUS0037046,85,CUS0037046
CUS0037067,85,CUS0037067
CUS0037083,85,CUS0037083
CUS0037087,85,CUS0037087
CUS0037089,85,CUS0037089
CUS0037119,85,CUS0037119
CUS0037121,85,CUS0037121
CUS0037125,85,CUS0037125
CUS0037136,69,CUS0037136
CUS0037144,85,CUS0037144
CUS0037169,85,CUS0037169
CUS0037170,85,CUS0037170
CUS0037175,85,CUS0037175
CUS0037176,85,CUS0037176
CUS0037185,235,CUS0037185
CUS0037187,85,CUS0037187
CUS0037208,160,CUS0037208
CUS0037219,85,CUS0037219
CUS0037241,85,CUS0037241
CUS0037279,85,CUS0037279
CUS0037280,85,CUS0037280
CUS0037284,75,CUS0037284
CUS0037304,85,CUS0037304
CUS0037306,85,CUS0037306
CUS0037308,85,CUS0037308
CUS0037340,160,CUS0037340
CUS0037346,85,CUS0037346
CUS0037355,160,CUS0037355
CUS0037366,75,CUS0037366
CUS0037368,85,CUS0037368
CUS0037379,85,CUS0037379
CUS0037380,85,CUS0037380
CUS0037381,85,CUS0037381
CUS0037384,85,CUS0037384
CUS0037389,160,CUS0037389
CUS0037392,85,CUS0037392
CUS0037402,85,CUS0037402
CUS0037403,85,CUS0037403
CUS0037409,85,CUS0037409
CUS0037435,85,CUS0037435
CUS0037442,85,CUS0037442
CUS0037447,85,CUS0037447
CUS0037463,144,CUS0037463
CUS0037467,85,CUS0037467
CUS0037468,310,CUS0037468
CUS0037471,160,CUS0037471
CUS0037485,85,CUS0037485
CUS0037512,85,CUS0037512
CUS0037517,160,CUS0037517
CUS0037528,85,CUS0037528
CUS0037561,85,CUS0037561
CUS0037567,85,CUS0037567
CUS0037591,85,CUS0037591
CUS0037593,85,CUS0037593
CUS0037598,85,CUS0037598
CUS0037605,85,CUS0037605
CUS0037614,160,CUS0037614
CUS0037671,85,CUS0037671
CUS0037685,85,CUS0037685
CUS0037709,85,CUS0037709
CUS0037711,160,CUS0037711
CUS0037720,160,CUS0037720
CUS0037725,85,CUS0037725
CUS0037754,85,CUS0037754
CUS0037791,85,CUS0037791
CUS0037818,170,CUS0037818
CUS0037819,85,CUS0037819
CUS0037829,85,CUS0037829
CUS0037848,85,CUS0037848
CUS0037857,160,CUS0037857
CUS0037865,85,CUS0037865
CUS0037892,85,CUS0037892
CUS0037914,85,CUS0037914
CUS0037918,160,CUS0037918
CUS0037935,85,CUS0037935
CUS0037938,85,CUS0037938
CUS0037950,160,CUS0037950
CUS0037955,160,CUS0037955
CUS0037970,160,CUS0037970
CUS0037974,85,CUS0037974
CUS0037982,85,CUS0037982
CUS0037991,138,CUS0037991
CUS0037995,85,CUS0037995
CUS0038042,160,CUS0038042
CUS0038046,85,CUS0038046
CUS0038073,85,CUS0038073
CUS0038087,85,CUS0038087
CUS0038102,85,CUS0038102
CUS0038129,85,CUS0038129
CUS0038143,85,CUS0038143
CUS0038162,85,CUS0038162
CUS0038164,160,CUS0038164
CUS0038178,235,CUS0038178
CUS0038181,85,CUS0038181
CUS0038229,85,CUS0038229
CUS0038231,385,CUS0038231
CUS0038233,160,CUS0038233
CUS0038234,160,CUS0038234
CUS0038237,69,CUS0038237
CUS0038257,85,CUS0038257
CUS0038258,85,CUS0038258
CUS0038260,85,CUS0038260
CUS0038280,235,CUS0038280
CUS0038339,85,CUS0038339
CUS0038363,85,CUS0038363
CUS0038379,75,CUS0038379
CUS0038386,85,CUS0038386
CUS0038399,160,CUS0038399
CUS0038403,85,CUS0038403
CUS0038405,160,CUS0038405
CUS0038415,85,CUS0038415
CUS0038416,85,CUS0038416
CUS0038428,160,CUS0038428
CUS0038430,160,CUS0038430
CUS0038473,69,CUS0038473
CUS0038479,160,CUS0038479
CUS0038497,85,CUS0038497
CUS0038500,160,CUS0038500
CUS0038514,85,CUS0038514
CUS0038519,85,CUS0038519
CUS0038536,85,CUS0038536
CUS0038557,160,CUS0038557
CUS0038575,160,CUS0038575
CUS0038615,160,CUS0038615
CUS0038645,85,CUS0038645
CUS0038648,85,CUS0038648
CUS0038651,85,CUS0038651
CUS0038653,85,CUS0038653
CUS0038672,85,CUS0038672
CUS0038673,85,CUS0038673
CUS0038678,160,CUS0038678
CUS0038688,235,CUS0038688
CUS0038692,85,CUS0038692
CUS0038704,85,CUS0038704
CUS0038707,160,CUS0038707
CUS0038719,85,CUS0038719
CUS0038722,85,CUS0038722
CUS0038725,85,CUS0038725
CUS0038740,85,CUS0038740
CUS0038771,85,CUS0038771
CUS0038786,85,CUS0038786
CUS0038790,85,CUS0038790
CUS0038798,85,CUS0038798
CUS0038828,85,CUS0038828
CUS0038856,235,CUS0038856
CUS0038857,160,CUS0038857
CUS0038861,85,CUS0038861
CUS0038892,85,CUS0038892
CUS0038893,85,CUS0038893
CUS0038895,85,CUS0038895
CUS0038903,160,CUS0038903
CUS0038935,85,CUS0038935
CUS0039000,85,CUS0039000
CUS0039027,85,CUS0039027
CUS0039036,310,CUS0039036
CUS0039055,85,CUS0039055
CUS0039066,85,CUS0039066
CUS0039069,160,CUS0039069
CUS0039073,85,CUS0039073
CUS0039091,85,CUS0039091
CUS0039092,85,CUS0039092
CUS0039095,85,CUS0039095
CUS0039119,75,CUS0039119
CUS0039138,85,CUS0039138
CUS0039155,85,CUS0039155
CUS0039156,85,CUS0039156
CUS0039178,85,CUS0039178
CUS0039180,160,CUS0039180
CUS0039216,85,CUS0039216
CUS0039221,85,CUS0039221
CUS0039223,85,CUS0039223
CUS0039227,85,CUS0039227
CUS0039234,144,CUS0039234
CUS0039252,85,CUS0039252
CUS0039255,75,CUS0039255
CUS0039266,85,CUS0039266
CUS0039277,85,CUS0039277
CUS0039281,160,CUS0039281
CUS0039283,85,CUS0039283
CUS0039284,85,CUS0039284
CUS0039286,85,CUS0039286
CUS0039307,69,CUS0039307
CUS0039313,85,CUS0039313
CUS0039330,235,CUS0039330
CUS0039362,160,CUS0039362
CUS0039372,85,CUS0039372
CUS0039385,160,CUS0039385
CUS0039386,85,CUS0039386
CUS0039387,85,CUS0039387
CUS0039419,160,CUS0039419
CUS0039445,85,CUS0039445
CUS0039450,85,CUS0039450
CUS0039465,85,CUS0039465
CUS0039470,160,CUS0039470
CUS0039474,85,CUS0039474
CUS0039494,160,CUS0039494
CUS0039530,85,CUS0039530
CUS0039563,85,CUS0039563
CUS0039572,85,CUS0039572
CUS0039576,85,CUS0039576
CUS0039584,85,CUS0039584
CUS0039614,85,CUS0039614
CUS0039620,160,CUS0039620
CUS0039658,85,CUS0039658
CUS0039705,160,CUS0039705
CUS0039756,85,CUS0039756
CUS0039769,235,CUS0039769
CUS0039775,85,CUS0039775
CUS0039781,85,CUS0039781
CUS0039854,85,CUS0039854
CUS0039894,85,CUS0039894
CUS0039940,160,CUS0039940
CUS0039944,85,CUS0039944
CUS0039947,85,CUS0039947
CUS0039985,85,CUS0039985
CUS0039989,75,CUS0039989
CUS0039999,85,CUS0039999
CUS0040000,85,CUS0040000
CUS0040001,85,CUS0040001
CUS0040026,85,CUS0040026
CUS0040027,85,CUS0040027
CUS0040029,85,CUS0040029
CUS0040031,85,CUS0040031
CUS0040044,85,CUS0040044
CUS0040076,69,CUS0040076
CUS0040094,154,CUS0040094
CUS0040099,160,CUS0040099
CUS0040107,85,CUS0040107
CUS0040111,85,CUS0040111
CUS0040155,85,CUS0040155
CUS0040183,85,CUS0040183
CUS0040186,75,CUS0040186
CUS0040194,69,CUS0040194
CUS0040218,85,CUS0040218
CUS0040233,85,CUS0040233
CUS0040241,85,CUS0040241
CUS0040265,85,CUS0040265
CUS0040351,85,CUS0040351
CUS0040377,160,CUS0040377
CUS0040419,85,CUS0040419
CUS0040433,85,CUS0040433
CUS0040434,85,CUS0040434
CUS0040446,85,CUS0040446
CUS0040453,85,CUS0040453
CUS0040455,160,CUS0040455
CUS0040459,85,CUS0040459
CUS0040462,160,CUS0040462
CUS0040466,160,CUS0040466
CUS0040476,85,CUS0040476
CUS0040483,85,CUS0040483
CUS0040522,85,CUS0040522
CUS0040525,85,CUS0040525
CUS0040628,150,CUS0040628
CUS0040645,85,CUS0040645
CUS0040674,85,CUS0040674
CUS0040681,85,CUS0040681
CUS0040687,75,CUS0040687
CUS0040690,85,CUS0040690
CUS0040692,85,CUS0040692
CUS0040694,85,CUS0040694
CUS0040699,160,CUS0040699
CUS0040701,85,CUS0040701
CUS0040713,85,CUS0040713
CUS0040715,85,CUS0040715
CUS0040741,85,CUS0040741
CUS0040744,85,CUS0040744
CUS0040764,85,CUS0040764
CUS0040766,85,CUS0040766
CUS0040817,85,CUS0040817
CUS0040820,85,CUS0040820
CUS0040825,85,CUS0040825
CUS0040829,85,CUS0040829
CUS0040831,85,CUS0040831
CUS0040843,160,CUS0040843
CUS0040863,85,CUS0040863
CUS0040865,85,CUS0040865
CUS0040869,85,CUS0040869
CUS0040870,85,CUS0040870
CUS0040873,69,CUS0040873
CUS0040909,85,CUS0040909
CUS0040911,85,CUS0040911
CUS0040925,85,CUS0040925
CUS0040932,160,CUS0040932
CUS0040947,85,CUS0040947
CUS0040953,160,CUS0040953
CUS0040957,160,CUS0040957
CUS0040964,85,CUS0040964
CUS0040966,85,CUS0040966
CUS0040975,160,CUS0040975
CUS0041016,160,CUS0041016
CUS0041040,85,CUS0041040
CUS0041052,85,CUS0041052
CUS0041071,85,CUS0041071
CUS0041073,85,CUS0041073
CUS0041093,85,CUS0041093
CUS0041105,85,CUS0041105
CUS0041109,85,CUS0041109
CUS0041110,85,CUS0041110
CUS0041142,85,CUS0041142
CUS0041164,85,CUS0041164
CUS0041176,85,CUS0041176
CUS0041192,85,CUS0041192
CUS0041193,85,CUS0041193
CUS0041196,85,CUS0041196
CUS0041198,85,CUS0041198
CUS0041232,85,CUS0041232
CUS0041260,75,CUS0041260
CUS0041274,85,CUS0041274
CUS0041287,69,CUS0041287
CUS0041288,85,CUS0041288
CUS0041292,160,CUS0041292
CUS0041309,85,CUS0041309
CUS0041334,85,CUS0041334
CUS0041386,85,CUS0041386
CUS0041391,85,CUS0041391
CUS0041394,85,CUS0041394
CUS0041403,75,CUS0041403
CUS0041404,85,CUS0041404
CUS0041420,85,CUS0041420
CUS0041427,85,CUS0041427
CUS0041444,85,CUS0041444
CUS0041461,85,CUS0041461
CUS0041463,85,CUS0041463
CUS0041470,85,CUS0041470
CUS0041475,85,CUS0041475
CUS0041484,85,CUS0041484
CUS0041499,150,CUS0041499
CUS0041501,160,CUS0041501
CUS0041535,85,CUS0041535
CUS0041541,85,CUS0041541
CUS0041557,85,CUS0041557
CUS0041574,85,CUS0041574
CUS0041612,69,CUS0041612
CUS0041614,85,CUS0041614
CUS0041615,85,CUS0041615
CUS0041621,85,CUS0041621
CUS0041627,85,CUS0041627
CUS0041681,85,CUS0041681
CUS0041683,85,CUS0041683
CUS0041696,85,CUS0041696
CUS0041715,85,CUS0041715
CUS0041722,85,CUS0041722
CUS0041731,85,CUS0041731
CUS0041733,160,CUS0041733
CUS0041776,310,CUS0041776
CUS0041777,160,CUS0041777
CUS0041778,85,CUS0041778
CUS0041780,85,CUS0041780
CUS0041786,85,CUS0041786
CUS0041787,85,CUS0041787
CUS0041788,85,CUS0041788
CUS0041791,85,CUS0041791
CUS0041815,85,CUS0041815
CUS0041820,85,CUS0041820
CUS0041849,85,CUS0041849
CUS0041858,160,CUS0041858
CUS0041869,85,CUS0041869
CUS0041876,85,CUS0041876
CUS0041877,85,CUS0041877
CUS0041880,85,CUS0041880
CUS0041881,160,CUS0041881
CUS0041883,85,CUS0041883
CUS0041890,85,CUS0041890
CUS0041897,85,CUS0041897
CUS0041905,160,CUS0041905
CUS0041917,85,CUS0041917
CUS0041919,85,CUS0041919
CUS0041929,85,CUS0041929
CUS0041930,69,CUS0041930
CUS0041938,85,CUS0041938
CUS0041944,85,CUS0041944
CUS0041947,85,CUS0041947
CUS0041951,85,CUS0041951
CUS0041952,85,CUS0041952
CUS0041969,85,CUS0041969
CUS0041973,85,CUS0041973
CUS0041985,85,CUS0041985
CUS0041988,75,CUS0041988
CUS0041999,85,CUS0041999
CUS0042006,85,CUS0042006
CUS0042007,85,CUS0042007
CUS0042033,85,CUS0042033
CUS0042040,85,CUS0042040
CUS0042065,85,CUS0042065
CUS0042074,85,CUS0042074
CUS0042091,85,CUS0042091
CUS0042094,85,CUS0042094
CUS0042098,85,CUS0042098
CUS0042110,85,CUS0042110
CUS0042113,85,CUS0042113
CUS0042121,85,CUS0042121
CUS0042123,85,CUS0042123
CUS0042127,85,CUS0042127
CUS0042131,85,CUS0042131
CUS0042151,85,CUS0042151
CUS0042169,85,CUS0042169
CUS0042172,160,CUS0042172
CUS0042173,85,CUS0042173
CUS0042176,85,CUS0042176
CUS0042182,160,CUS0042182
CUS0042188,85,CUS0042188
CUS0042239,160,CUS0042239
CUS0042259,75,CUS0042259
CUS0042277,85,CUS0042277
CUS0042285,160,CUS0042285
CUS0042298,85,CUS0042298
CUS0042312,85,CUS0042312
CUS0042313,310,CUS0042313
CUS0042369,85,CUS0042369
CUS0042376,85,CUS0042376
CUS0042386,85,CUS0042386
CUS0042387,85,CUS0042387
CUS0042391,85,CUS0042391
CUS0042397,85,CUS0042397
CUS0042418,85,CUS0042418
CUS0042420,85,CUS0042420
CUS0042425,85,CUS0042425
CUS0042439,85,CUS0042439
CUS0042452,85,CUS0042452
CUS0042470,85,CUS0042470
CUS0042492,75,CUS0042492
CUS0042516,160,CUS0042516
CUS0042535,85,CUS0042535
CUS0042546,75,CUS0042546
CUS0042560,85,CUS0042560
CUS0042566,85,CUS0042566
CUS0042590,85,CUS0042590
CUS0042595,85,CUS0042595
CUS0042611,75,CUS0042611
CUS0042640,85,CUS0042640
CUS0042666,85,CUS0042666
CUS0042680,85,CUS0042680
CUS0042700,160,CUS0042700
CUS0042725,160,CUS0042725
CUS0042726,85,CUS0042726
CUS0042763,85,CUS0042763
CUS0042769,85,CUS0042769
CUS0042847,160,CUS0042847
CUS0042855,85,CUS0042855
CUS0042856,75,CUS0042856
CUS0042906,85,CUS0042906
CUS0042915,85,CUS0042915
CUS0042916,85,CUS0042916
CUS0042921,85,CUS0042921
CUS0042923,85,CUS0042923
CUS0042934,85,CUS0042934
CUS0042938,85,CUS0042938
CUS0042967,85,CUS0042967
CUS0042984,85,CUS0042984
CUS0042998,85,CUS0042998
CUS0043001,85,CUS0043001
CUS0043008,85,CUS0043008
CUS0043032,85,CUS0043032
CUS0043033,85,CUS0043033
CUS0043064,85,CUS0043064
CUS0043069,85,CUS0043069
CUS0043075,85,CUS0043075
CUS0043084,85,CUS0043084
CUS0043111,75,CUS0043111
CUS0043127,85,CUS0043127
CUS0043149,160,CUS0043149
CUS0043170,85,CUS0043170
CUS0043171,160,CUS0043171
CUS0043176,85,CUS0043176
CUS0043177,85,CUS0043177
CUS0043182,85,CUS0043182
CUS0043194,85,CUS0043194
CUS0043203,85,CUS0043203
CUS0043204,85,CUS0043204
CUS0043213,160,CUS0043213
CUS0043217,85,CUS0043217
CUS0043225,160,CUS0043225
CUS0043232,85,CUS0043232
CUS0043250,85,CUS0043250
CUS0043263,85,CUS0043263
CUS0043272,85,CUS0043272
CUS0043274,85,CUS0043274
CUS0043285,85,CUS0043285
CUS0043324,85,CUS0043324
CUS0043331,85,CUS0043331
CUS0043333,85,CUS0043333
CUS0043338,85,CUS0043338
CUS0043345,85,CUS0043345
CUS0043353,85,CUS0043353
CUS0043354,85,CUS0043354
CUS0043362,69,CUS0043362
CUS0043367,85,CUS0043367
CUS0043377,85,CUS0043377
CUS0043394,85,CUS0043394
CUS0043395,85,CUS0043395
CUS0043397,85,CUS0043397
CUS0043399,85,CUS0043399
CUS0043428,69,CUS0043428
CUS0043445,85,CUS0043445
CUS0043460,85,CUS0043460
CUS0043464,85,CUS0043464
CUS0043465,85,CUS0043465
CUS0043466,85,CUS0043466
CUS0043467,85,CUS0043467
CUS0043469,85,CUS0043469
CUS0043470,85,CUS0043470
CUS0043471,85,CUS0043471
CUS0043485,85,CUS0043485
CUS0043488,75,CUS0043488
CUS0043519,160,CUS0043519
CUS0043541,85,CUS0043541
CUS0043566,85,CUS0043566
CUS0043570,160,CUS0043570
CUS0043571,69,CUS0043571
CUS0043637,85,CUS0043637
CUS0043647,85,CUS0043647
CUS0043653,85,CUS0043653
CUS0043659,85,CUS0043659
CUS0043660,85,CUS0043660
CUS0043677,160,CUS0043677
CUS0043731,85,CUS0043731
CUS0043732,69,CUS0043732
CUS0043733,85,CUS0043733
CUS0043761,85,CUS0043761
CUS0043779,85,CUS0043779
CUS0043791,85,CUS0043791
CUS0043817,85,CUS0043817
CUS0043844,85,CUS0043844
CUS0043852,85,CUS0043852
CUS0043854,144,CUS0043854
CUS0043879,160,CUS0043879
CUS0043883,160,CUS0043883
CUS0043887,75,CUS0043887
CUS0043889,85,CUS0043889
CUS0043916,85,CUS0043916
CUS0043966,85,CUS0043966
CUS0043971,85,CUS0043971
CUS0043978,85,CUS0043978
CUS0043996,85,CUS0043996
CUS0044019,85,CUS0044019
CUS0044039,85,CUS0044039
CUS0044044,85,CUS0044044
CUS0044049,85,CUS0044049
CUS0044050,85,CUS0044050
CUS0044065,85,CUS0044065
CUS0044085,85,CUS0044085
CUS0044101,138,CUS0044101
CUS0044103,85,CUS0044103
CUS0044121,85,CUS0044121
CUS0044127,85,CUS0044127
CUS0044129,85,CUS0044129
CUS0044148,160,CUS0044148
CUS0044151,85,CUS0044151
CUS0044152,235,CUS0044152
